City,City,Lat,Lng,Max Temp,Humidity,Cloudiness,Wind Speed,Country,Current Descritption,Date
0,Guerrero Negro,27.9769,-114.0611,51.03,41,0,2.46,MX,clear sky,2022-02-04 14:30:49
1,Albany,42.6001,-73.9662,28.27,86,100,3.0,US,light snow,2022-02-04 14:35:04
2,Carnot,4.9409,15.8665,94.73,12,100,5.91,CF,overcast clouds,2022-02-04 14:35:25
3,Kisangani,0.5167,25.2,82.76,69,75,4.61,CD,broken clouds,2022-02-04 14:35:26
4,Umkomaas,-30.2067,30.7978,72.68,87,100,17.11,ZA,light rain,2022-02-04 14:35:26
5,Hilo,19.7297,-155.09,67.12,75,0,5.75,US,clear sky,2022-02-04 14:35:26
6,Ushuaia,-54.8,-68.3,47.86,49,20,10.36,AR,few clouds,2022-02-04 14:35:27
7,Qaanaaq,77.484,-69.3632,-7.49,60,100,8.86,GL,overcast clouds,2022-02-04 14:35:27
8,Dikson,73.5069,80.5464,-2.13,90,100,5.17,RU,overcast clouds,2022-02-04 14:35:27
9,Rikitea,-23.1203,-134.9692,77.77,73,100,12.08,PF,overcast clouds,2022-02-04 14:35:28
10,Khatanga,71.9667,102.5,-33.88,100,99,3.62,RU,overcast clouds,2022-02-04 14:35:28
11,San Quintin,30.4833,-115.95,52.27,33,5,4.79,MX,clear sky,2022-02-04 14:35:28
12,Meulaboh,4.1363,96.1285,78.6,83,100,3.69,ID,overcast clouds,2022-02-04 14:35:29
13,Gamboma,-1.8764,15.8644,88.11,47,99,3.15,CG,overcast clouds,2022-02-04 14:35:29
14,Mataura,-46.1927,168.8643,49.48,99,100,1.79,NZ,overcast clouds,2022-02-04 14:35:29
15,Port Alfred,-33.5906,26.891,69.42,75,100,10.47,ZA,light rain,2022-02-04 14:35:29
16,Sobolevo,54.4299,31.8996,8.24,98,74,3.62,RU,broken clouds,2022-02-04 14:39:26
17,Polyarnyy,69.1989,33.4478,-7.13,95,78,11.01,RU,broken clouds,2022-02-04 14:39:26
18,Iqaluit,63.7506,-68.5145,-13.27,58,100,13.8,CA,light snow,2022-02-04 14:39:26
19,Jamestown,42.097,-79.2353,19.09,63,100,5.01,US,overcast clouds,2022-02-04 14:39:27
20,Putnok,48.3,20.4333,43.39,69,50,2.91,HU,scattered clouds,2022-02-04 14:39:27
21,Saint George,37.1041,-113.5841,32.34,51,0,1.99,US,clear sky,2022-02-04 14:39:27
22,Cherskiy,68.75,161.3,-34.46,99,8,3.67,RU,clear sky,2022-02-04 14:39:28
23,Kapaa,22.0752,-159.319,64.38,94,0,5.75,US,clear sky,2022-02-04 14:39:28
24,Yumen,40.2833,97.2,18.19,40,100,13.65,CN,overcast clouds,2022-02-04 14:39:28
25,Port Hardy,50.6996,-127.4199,46.76,93,100,17.27,CA,light intensity shower rain,2022-02-04 14:39:28
26,Sao Filipe,14.8961,-24.4956,75.65,65,0,8.7,CV,clear sky,2022-02-04 14:39:29
27,Saint-Philippe,-21.3585,55.7679,81.99,87,100,27.98,RE,moderate rain,2022-02-04 14:39:29
28,Biskamzha,53.4497,89.5272,3.31,98,55,1.39,RU,broken clouds,2022-02-04 14:39:29
29,Saint-Felicien,48.6501,-72.4491,-14.12,64,40,12.66,CA,scattered clouds,2022-02-04 14:39:30
30,Hambantota,6.1241,81.1185,80.94,89,20,2.3,LK,few clouds,2022-02-04 14:39:11
31,Yellowknife,62.456,-114.3525,-37.71,78,0,2.3,CA,mist,2022-02-04 14:35:01
32,Castro,-24.7911,-50.0119,66.18,97,100,7.61,BR,overcast clouds,2022-02-04 14:39:30
33,Kaitangata,-46.2817,169.8464,47.62,93,100,5.93,NZ,overcast clouds,2022-02-04 14:39:31
34,Kedrovyy,56.1667,91.8167,3.87,93,98,5.46,RU,overcast clouds,2022-02-04 14:39:31
35,Busselton,-33.65,115.3333,76.08,75,0,7.4,AU,clear sky,2022-02-04 14:38:44
36,Hermanus,-34.4187,19.2345,77.9,52,7,24.09,ZA,clear sky,2022-02-04 14:39:31
37,Faya,18.3851,42.4509,68.11,70,23,9.89,SA,few clouds,2022-02-04 14:39:31
38,Kodiak,57.79,-152.4072,33.31,80,0,3.44,US,clear sky,2022-02-04 14:37:27
39,Roma,43.2128,-75.4557,22.66,86,100,9.22,US,overcast clouds,2022-02-04 14:39:32
40,Alto Araguaia,-17.3147,-53.2153,81.54,67,81,6.62,BR,light rain,2022-02-04 14:39:32
41,Vaini,-21.2,-175.2,75.36,100,100,6.91,TO,light rain,2022-02-04 14:37:38
42,Honningsvag,70.9821,25.9704,15.55,73,75,21.85,NO,broken clouds,2022-02-04 14:39:32
43,Beringovskiy,63.05,179.3167,-7.91,87,100,16.55,RU,overcast clouds,2022-02-04 14:39:33
44,Grindavik,63.8424,-22.4338,30.15,80,75,6.91,IS,broken clouds,2022-02-04 14:39:33
45,Marsaxlokk,35.8419,14.5431,62.08,77,20,12.66,MT,few clouds,2022-02-04 14:39:33
46,Flinders,-34.5833,150.8552,68.2,78,65,4.0,AU,light rain,2022-02-04 14:39:34
47,Little Current,45.9793,-81.9248,-2.15,81,27,7.34,CA,scattered clouds,2022-02-04 14:40:34
48,Bloomfield,40.8068,-74.1854,41.86,93,100,1.99,US,light rain,2022-02-04 14:38:34
49,Ponnani,10.767,75.9252,79.92,73,69,8.9,IN,broken clouds,2022-02-04 14:40:34
50,Quesnel,52.9999,-122.5029,34.3,80,100,10.36,CA,overcast clouds,2022-02-04 14:40:35
51,Cabo San Lucas,22.8909,-109.9124,61.52,73,0,5.79,MX,clear sky,2022-02-04 14:38:34
52,Puerto Ayora,-0.7393,-90.3518,76.96,91,16,8.01,EC,few clouds,2022-02-04 14:37:32
53,Mahebourg,-20.4081,57.7,80.89,89,75,14.97,MU,broken clouds,2022-02-04 14:40:35
54,Vestmannaeyjar,63.4427,-20.2734,31.19,74,20,20.71,IS,few clouds,2022-02-04 14:40:36
55,Longyearbyen,78.2186,15.6401,17.44,67,20,16.11,SJ,few clouds,2022-02-04 14:40:36
56,Estevan,49.1334,-102.9842,-21.66,76,0,4.29,CA,clear sky,2022-02-04 14:40:36
57,Sitka,57.0531,-135.33,44.49,81,100,16.11,US,moderate rain,2022-02-04 14:38:35
58,Sol-Iletsk,51.1631,54.9918,29.35,81,100,14.54,RU,overcast clouds,2022-02-04 14:40:37
59,Vila Franca Do Campo,37.7167,-25.4333,65.19,63,100,11.5,PT,overcast clouds,2022-02-04 14:35:55
60,Kangaatsiaq,68.3065,-53.4641,10.22,92,100,14.72,GL,light snow,2022-02-04 14:40:37
61,Constitucion,-35.3333,-72.4167,68.79,66,10,7.56,CL,clear sky,2022-02-04 14:39:09
62,Cape Town,-33.9258,18.4232,73.81,47,0,5.99,ZA,clear sky,2022-02-04 14:40:37
63,Tuktoyaktuk,69.4541,-133.0374,-25.6,68,20,9.22,CA,few clouds,2022-02-04 14:37:33
64,Lorengau,-2.0226,147.2712,80.62,75,76,6.85,PG,broken clouds,2022-02-04 14:40:38
65,East London,-33.0153,27.9116,65.34,100,100,8.05,ZA,light rain,2022-02-04 14:40:38
66,Long,18.0761,99.8326,76.93,67,20,1.81,TH,few clouds,2022-02-04 14:40:38
67,Tabory,58.5198,64.5495,27.64,98,100,2.17,RU,light snow,2022-02-04 14:40:38
68,Narsaq,60.9167,-46.05,14.22,63,97,25.86,GL,overcast clouds,2022-02-04 14:40:39
69,Khairagarh,26.95,77.8167,54.39,71,4,7.14,IN,clear sky,2022-02-04 14:40:39
70,Goderich,43.7501,-81.7165,11.91,88,75,11.21,CA,broken clouds,2022-02-04 14:40:39
71,Ploemeur,47.7333,-3.4333,50.83,68,75,12.66,FR,broken clouds,2022-02-04 14:40:40
72,Ilulissat,69.2167,-51.1,12.22,57,75,10.36,GL,broken clouds,2022-02-04 14:40:40
73,Ixtapa,20.7,-105.2,61.83,88,0,3.44,MX,clear sky,2022-02-04 14:40:40
74,Borogontsy,62.6683,131.1683,-33.84,100,100,0.56,RU,overcast clouds,2022-02-04 14:40:41
75,Arraial Do Cabo,-22.9661,-42.0278,84.06,70,40,10.36,BR,scattered clouds,2022-02-04 14:40:41
76,Udachnyy,66.4167,112.4,-28.53,100,87,2.35,RU,overcast clouds,2022-02-04 14:40:41
77,Sept-Iles,50.2001,-66.3821,-2.94,62,75,5.01,CA,broken clouds,2022-02-04 14:40:42
78,Okato,-39.2,173.8833,70.92,91,98,17.6,NZ,overcast clouds,2022-02-04 14:40:42
79,Kiunga,-6.1219,141.2906,72.73,100,100,2.48,PG,moderate rain,2022-02-04 14:40:42
80,Muros,42.7762,-9.0603,60.98,76,99,8.52,ES,overcast clouds,2022-02-04 14:40:43
81,Carnarvon,-24.8667,113.6333,82.47,65,8,10.36,AU,clear sky,2022-02-04 14:36:52
82,Fortuna,40.5982,-124.1573,44.65,94,75,3.0,US,broken clouds,2022-02-04 14:35:54
83,Lompoc,34.6391,-120.4579,51.51,82,0,5.75,US,clear sky,2022-02-04 14:40:43
84,Itoman,26.1247,127.6694,60.82,79,75,12.66,JP,broken clouds,2022-02-04 14:40:43
85,Pandan,14.0453,124.1694,74.66,91,100,4.65,PH,light rain,2022-02-04 14:40:44
86,Upernavik,72.7868,-56.1549,5.88,96,100,3.58,GL,light snow,2022-02-04 14:40:44
87,Norman Wells,65.282,-126.8329,-32.76,68,20,10.36,CA,few clouds,2022-02-04 14:40:01
88,Faanui,-16.4833,-151.75,80.64,72,20,12.62,PF,light rain,2022-02-04 14:40:44
89,Fairbanks,64.8378,-147.7164,1.24,65,100,0.0,US,overcast clouds,2022-02-04 14:39:07
90,Nikolskoye,59.7035,30.7861,19.29,97,83,6.42,RU,broken clouds,2022-02-04 14:40:45
91,Avarua,-21.2078,-159.775,78.85,83,20,6.91,CK,few clouds,2022-02-04 14:36:50
92,Atuona,-9.8,-139.0333,78.22,73,14,17.2,PF,few clouds,2022-02-04 14:40:45
93,Brae,60.3964,-1.353,40.91,63,100,34.61,GB,overcast clouds,2022-02-04 14:40:45
94,Vitim,59.4511,112.5578,12.51,94,100,10.42,RU,light snow,2022-02-04 14:40:46
95,Sabae,35.9465,136.185,35.38,72,100,15.99,JP,overcast clouds,2022-02-04 14:40:46
96,Kavieng,-2.5744,150.7967,82.65,69,100,9.75,PG,overcast clouds,2022-02-04 14:38:20
97,New Norfolk,-42.7826,147.0587,59.92,71,79,1.48,AU,broken clouds,2022-02-04 14:41:46
98,Port Lincoln,-34.7333,135.8667,63.28,78,40,16.44,AU,scattered clouds,2022-02-04 14:41:47
99,Nemuro,43.3236,145.575,21.85,81,74,7.99,JP,broken clouds,2022-02-04 14:41:47
100,Isangel,-19.55,169.2667,78.58,88,100,12.39,VU,light rain,2022-02-04 14:41:47
101,Basco,20.4487,121.9702,73.89,75,98,26.87,PH,overcast clouds,2022-02-04 14:41:48
102,Georgetown,5.4112,100.3354,79.9,96,40,3.0,MY,scattered clouds,2022-02-04 14:41:48
103,Tilichiki,60.4667,166.1,0.5,82,100,8.03,RU,overcast clouds,2022-02-04 14:41:48
104,Raga,8.4596,25.678,92.35,11,97,8.9,SS,overcast clouds,2022-02-04 14:41:49
105,Bemidji,47.4736,-94.8803,-4.83,76,40,4.61,US,scattered clouds,2022-02-04 14:41:49
106,Codrington,-38.2667,141.9667,55.35,92,68,8.81,AU,broken clouds,2022-02-04 14:41:49
107,Thayetmyo,19.3167,95.1833,70.75,33,0,0.49,MM,clear sky,2022-02-04 14:41:50
108,Mormugao,15.4,73.8,74.82,67,14,8.43,IN,few clouds,2022-02-04 14:41:50
109,Asau,46.4333,26.4,43.72,75,87,5.3,RO,overcast clouds,2022-02-04 14:41:50
110,Thompson,55.7435,-97.8558,-32.64,68,0,6.91,CA,clear sky,2022-02-04 14:39:59
111,Cidreira,-30.1811,-50.2056,78.13,73,100,1.52,BR,overcast clouds,2022-02-04 14:41:51
112,Port Elizabeth,-33.918,25.5701,72.1,64,75,13.8,ZA,broken clouds,2022-02-04 14:41:15
113,Wasilla,61.5814,-149.4394,22.39,78,100,0.0,US,light snow,2022-02-04 14:39:30
114,Butaritari,3.0707,172.7902,81.93,76,12,16.31,KI,light rain,2022-02-04 14:41:51
115,Kenora,49.8167,-94.4337,-12.03,76,20,5.75,CA,few clouds,2022-02-04 14:40:22
116,Lufilufi,-13.8745,-171.5986,76.78,76,100,16.53,WS,light rain,2022-02-04 14:41:52
117,Chapais,49.7834,-74.8492,-24.02,91,66,4.0,CA,broken clouds,2022-02-04 14:41:52
118,Sao Jose Da Coroa Grande,-8.8978,-35.1478,85.03,58,17,12.41,BR,few clouds,2022-02-04 14:41:52
119,Chokurdakh,70.6333,147.9167,-30.19,100,48,1.63,RU,scattered clouds,2022-02-04 14:41:53
120,Diamantino,-14.4086,-56.4461,84.42,68,95,4.76,BR,overcast clouds,2022-02-04 14:41:53
121,Homer,59.6425,-151.5483,28.78,93,75,3.44,US,broken clouds,2022-02-04 14:41:53
122,Chuy,-33.6971,-53.4616,79.72,72,32,6.26,UY,scattered clouds,2022-02-04 14:41:53
123,Taltal,-25.4,-70.4833,69.85,66,0,7.36,CL,clear sky,2022-02-04 14:41:54
124,Manavalakurichi,8.1333,77.3,84.29,76,0,8.25,IN,clear sky,2022-02-04 14:41:54
125,Kirakira,-10.4544,161.9205,79.43,84,100,6.49,SB,overcast clouds,2022-02-04 14:41:54
126,Saskylakh,71.9167,114.0833,-8.48,99,100,4.12,RU,light snow,2022-02-04 14:41:55
127,Klaksvik,62.2266,-6.589,36.52,67,96,44.81,FO,overcast clouds,2022-02-04 14:41:55
128,Vardo,70.3705,31.1107,19.38,79,40,21.85,NO,scattered clouds,2022-02-04 14:41:55
129,Tura,25.5198,90.2201,54.14,97,100,4.76,IN,overcast clouds,2022-02-04 14:41:55
130,Los Llanos De Aridane,28.6585,-17.9182,67.12,66,20,5.99,ES,few clouds,2022-02-04 14:41:56
131,Punta Arenas,-53.15,-70.9167,50.11,46,40,8.05,CL,scattered clouds,2022-02-04 14:41:56
132,Galveston,29.3669,-94.9669,30.0,86,100,8.99,US,overcast clouds,2022-02-04 14:41:56
133,Cuamba,-14.8031,36.5372,79.18,81,56,4.76,MZ,light rain,2022-02-04 14:41:57
134,Turukhansk,65.8167,87.9833,12.65,94,100,13.31,RU,light snow,2022-02-04 14:41:57
135,Yulara,-25.2406,130.9889,71.44,40,1,6.91,AU,clear sky,2022-02-04 14:41:57
136,Souillac,-20.5167,57.5167,80.98,89,75,14.97,MU,broken clouds,2022-02-04 14:41:58
137,Olafsvik,64.8945,-23.7142,29.07,67,62,8.28,IS,broken clouds,2022-02-04 14:42:58
138,Samarai,-10.6167,150.6667,81.43,81,94,8.88,PG,overcast clouds,2022-02-04 14:42:58
139,Baft,29.234,56.6057,52.65,30,0,6.55,IR,clear sky,2022-02-04 14:42:59
140,Bethel,41.3712,-73.414,38.93,90,100,1.01,US,light rain,2022-02-04 14:41:20
141,Ajdabiya,30.7554,20.2263,58.24,55,10,15.55,LY,clear sky,2022-02-04 14:42:59
142,Luderitz,-26.6481,15.1594,76.68,58,4,15.84,NA,clear sky,2022-02-04 14:42:59
143,Hobart,-42.8794,147.3294,60.26,84,100,5.75,AU,overcast clouds,2022-02-04 14:42:59
144,Pangnirtung,66.1451,-65.7125,-14.8,70,75,16.11,CA,broken clouds,2022-02-04 14:43:00
145,Nouadhibou,20.931,-17.0347,78.78,25,4,9.22,MR,clear sky,2022-02-04 14:43:00
146,Ratnagiri,16.9833,73.3,72.21,63,57,5.88,IN,broken clouds,2022-02-04 14:39:20
147,Khorixas,-20.3667,14.9667,80.76,45,81,9.51,NA,broken clouds,2022-02-04 14:43:00
148,Thessalon,46.2501,-83.5666,-5.04,79,67,6.2,CA,broken clouds,2022-02-04 14:42:16
149,Palembang,-2.9167,104.7458,77.09,94,40,3.44,ID,scattered clouds,2022-02-04 14:43:01
150,Harper,4.375,-7.7169,84.67,65,84,10.27,LR,broken clouds,2022-02-04 14:43:01
151,Kinablangan,7.6947,126.5503,74.84,82,100,4.21,PH,overcast clouds,2022-02-04 14:43:01
152,Dalbandin,28.8947,64.4101,56.12,19,0,6.04,PK,clear sky,2022-02-04 14:43:02
153,Praxedis Guerrero,31.3667,-106.0167,23.29,64,2,4.14,MX,clear sky,2022-02-04 14:43:02
154,Porto Novo,6.4965,2.6036,89.42,49,5,11.79,BJ,clear sky,2022-02-04 14:43:02
155,Skibbereen,51.55,-9.2667,45.1,65,70,18.99,IE,broken clouds,2022-02-04 14:43:03
156,Nanortalik,60.1432,-45.2371,12.09,78,100,45.05,GL,light snow,2022-02-04 14:39:55
157,Namibe,-15.1961,12.1522,77.77,60,84,14.03,AO,broken clouds,2022-02-04 14:43:03
158,Araouane,18.9048,-3.5265,82.33,7,0,9.13,ML,clear sky,2022-02-04 14:43:04
159,Padang,-0.9492,100.3543,75.25,93,100,3.47,ID,overcast clouds,2022-02-04 14:43:04
160,Bluff,-46.6,168.3333,49.8,70,73,12.66,NZ,broken clouds,2022-02-04 14:43:04
161,Mogadishu,2.0371,45.3438,82.27,74,0,20.71,SO,clear sky,2022-02-04 14:43:04
162,Tasiilaq,65.6145,-37.6368,17.76,58,100,29.1,GL,light snow,2022-02-04 14:43:05
163,Mount Gambier,-37.8333,140.7667,55.31,94,8,8.05,AU,clear sky,2022-02-04 14:38:33
164,Eenhana,-17.4667,16.3333,83.59,38,89,2.33,NA,overcast clouds,2022-02-04 14:43:05
165,Touros,-5.1989,-35.4608,86.9,55,78,16.96,BR,broken clouds,2022-02-04 14:43:05
166,Bredasdorp,-34.5322,20.0403,73.27,46,43,14.97,ZA,scattered clouds,2022-02-04 14:43:06
167,Iringa,-7.7667,35.7,64.65,90,100,1.83,TZ,light rain,2022-02-04 14:43:06
168,Roald,62.5833,6.1333,38.91,80,75,20.71,NO,thunderstorm,2022-02-04 14:43:06
169,Dubbo,-32.25,148.6167,57.33,77,0,8.05,AU,clear sky,2022-02-04 14:39:55
170,Shache,38.4167,77.2406,29.05,39,7,6.55,CN,clear sky,2022-02-04 14:43:07
171,Buchanan,5.8808,-10.0467,91.36,59,12,13.71,LR,few clouds,2022-02-04 14:38:53
172,Banda Aceh,5.5577,95.3222,80.06,78,72,6.42,ID,broken clouds,2022-02-04 14:43:07
173,Ponta Do Sol,32.6667,-17.1,73.0,78,87,2.33,PT,overcast clouds,2022-02-04 14:38:17
174,Enid,36.3956,-97.8784,13.14,73,0,4.0,US,clear sky,2022-02-04 14:40:29
175,Linxia,35.6003,103.2064,17.8,82,100,3.04,CN,overcast clouds,2022-02-04 14:43:08
176,Rajampet,14.1833,79.1667,77.77,45,32,2.13,IN,scattered clouds,2022-02-04 14:43:08
177,Christchurch,-43.5333,172.6333,56.91,92,100,1.99,NZ,overcast clouds,2022-02-04 14:39:24
178,Gweta,-20.1833,25.2333,86.18,41,66,6.85,BW,light rain,2022-02-04 14:43:08
179,Trincomalee,8.5711,81.2335,79.45,67,11,9.66,LK,few clouds,2022-02-04 14:43:09
180,Hithadhoo,-0.6,73.0833,82.33,73,44,11.32,MV,scattered clouds,2022-02-04 14:38:21
181,Ust-Tsilma,65.441,52.1498,-4.52,100,89,2.62,RU,overcast clouds,2022-02-04 14:44:09
182,Gao,16.6362,1.637,81.84,7,0,15.17,ML,clear sky,2022-02-04 14:44:09
183,Sarangani,5.4033,125.4636,80.02,74,100,20.62,PH,light rain,2022-02-04 14:44:10
184,Kuala Terengganu,5.3302,103.1408,82.35,78,40,11.5,MY,scattered clouds,2022-02-04 14:44:10
185,Shitanjing,39.2342,106.3439,15.69,36,14,2.84,CN,few clouds,2022-02-04 14:44:10
186,Riyadh,24.6877,46.7219,82.54,17,2,8.19,SA,clear sky,2022-02-04 14:41:46
187,Ugoofaaru,5.6667,73.0,81.7,70,75,10.8,MV,broken clouds,2022-02-04 14:44:11
188,Sechura,-5.5569,-80.8222,76.62,63,36,6.82,PE,scattered clouds,2022-02-04 14:39:44
189,Henties Bay,-22.116,14.2845,69.85,72,1,12.71,NA,clear sky,2022-02-04 14:44:11
190,Rozhdestveno,53.2375,50.0597,27.59,96,100,6.67,RU,overcast clouds,2022-02-04 14:44:11
191,Ola,59.5833,151.2833,-4.5,79,88,11.65,RU,overcast clouds,2022-02-04 14:44:12
192,Taoudenni,22.6783,-3.9836,82.99,5,29,13.02,ML,scattered clouds,2022-02-04 14:44:12
193,Ilhabela,-23.7781,-45.3581,81.05,81,95,6.13,BR,moderate rain,2022-02-04 14:44:12
194,Tres Arroyos,-38.3739,-60.2798,80.04,40,100,2.01,AR,moderate rain,2022-02-04 14:44:13
195,Tessalit,20.1986,1.0114,78.93,7,0,16.26,ML,clear sky,2022-02-04 14:44:13
196,Staritsa,56.5075,34.9354,15.87,96,100,3.6,RU,overcast clouds,2022-02-04 14:44:13
197,Laguna,38.421,-121.4238,47.77,92,0,0.0,US,mist,2022-02-04 14:44:14
198,Lagos,6.5833,3.75,93.52,42,12,9.98,NG,few clouds,2022-02-04 14:42:10
199,Bengkulu,-3.8004,102.2655,73.89,97,100,6.31,ID,light rain,2022-02-04 14:44:14
200,Tuatapere,-46.1333,167.6833,49.82,86,100,4.72,NZ,overcast clouds,2022-02-04 14:44:14
201,Sioux Lookout,50.1001,-91.917,-19.82,75,20,0.0,CA,few clouds,2022-02-04 14:43:01
202,Barrow,71.2906,-156.7887,-29.18,75,0,5.75,US,clear sky,2022-02-04 14:44:15
203,Port Keats,-14.25,129.55,80.58,83,99,5.28,AU,overcast clouds,2022-02-04 14:44:15
204,Ancud,-41.8697,-73.8203,61.43,76,88,2.13,CL,overcast clouds,2022-02-04 14:44:15
205,Kruisfontein,-34.0033,24.7314,68.88,58,100,8.86,ZA,overcast clouds,2022-02-04 14:44:16
206,Antofagasta,-23.65,-70.4,72.21,56,31,9.89,CL,scattered clouds,2022-02-04 14:40:37
207,Kalmunai,7.4167,81.8167,76.89,72,8,7.43,LK,clear sky,2022-02-04 14:42:14
208,Lakes Entrance,-37.8811,147.981,53.58,87,68,5.93,AU,broken clouds,2022-02-04 14:44:16
209,Leningradskiy,69.3833,178.4167,-17.21,88,3,5.41,RU,clear sky,2022-02-04 14:44:16
210,Wamba,8.9333,8.6,96.1,9,1,5.93,NG,clear sky,2022-02-04 14:44:17
211,Kailua,21.4022,-157.7394,69.75,87,0,2.46,US,clear sky,2022-02-04 14:44:17
212,San Patricio,28.017,-97.5169,30.61,53,32,20.8,US,scattered clouds,2022-02-04 14:44:17
213,Jinchang,38.4953,102.1739,19.49,34,100,3.58,CN,overcast clouds,2022-02-04 14:44:18
214,Ialibu,-6.2821,143.9935,56.23,98,100,2.73,PG,light rain,2022-02-04 14:44:18
215,Mar Del Plata,-38.0023,-57.5575,75.22,94,75,10.0,AR,broken clouds,2022-02-04 14:44:18
216,Cam Ranh,11.9214,109.1591,75.16,78,40,17.27,VN,scattered clouds,2022-02-04 14:44:19
217,Tena,-0.9833,-77.8167,74.16,73,98,1.95,EC,light rain,2022-02-04 14:44:19
218,Isiro,2.7739,27.616,92.68,23,90,1.01,CD,overcast clouds,2022-02-04 14:44:19
219,Nelson Bay,-32.7167,152.15,70.0,70,91,4.0,AU,overcast clouds,2022-02-04 14:44:19
220,Sete,43.4018,3.6966,60.66,57,66,17.69,FR,broken clouds,2022-02-04 14:44:20
221,Praia Da Vitoria,38.7333,-27.0667,61.05,88,75,10.54,PT,broken clouds,2022-02-04 14:44:20
222,Asekeyevo,53.5742,52.7972,28.27,88,100,10.98,RU,overcast clouds,2022-02-04 14:44:20
223,Ribeira Grande,38.5167,-28.7,61.2,77,40,18.41,PT,scattered clouds,2022-02-04 14:44:21
224,Shengjin,41.8136,19.5939,57.24,44,44,0.58,AL,scattered clouds,2022-02-04 14:44:21
225,Shelburne,44.0787,-80.2041,7.75,85,33,6.71,CA,scattered clouds,2022-02-04 14:44:21
226,Boa Vista,2.8197,-60.6733,87.78,48,40,17.27,BR,scattered clouds,2022-02-04 14:40:09
227,Novyy Urengoy,66.0833,76.6333,9.63,97,98,4.81,RU,overcast clouds,2022-02-04 14:44:22
228,Velke Mezirici,49.3552,16.0122,44.19,47,100,1.99,CZ,overcast clouds,2022-02-04 14:44:22
229,Omsukchan,62.5333,155.8,-17.25,71,85,9.64,RU,overcast clouds,2022-02-04 14:45:22
230,Sur,22.5667,59.5289,72.03,52,21,4.7,OM,few clouds,2022-02-04 14:45:23
231,Tsumeb,-19.2333,17.7167,81.95,59,99,10.18,NA,light rain,2022-02-04 14:45:23
232,Burns Lake,54.2331,-125.7533,22.42,96,100,7.11,CA,overcast clouds,2022-02-04 14:42:15
233,Nisia Floresta,-6.0911,-35.2086,86.81,48,53,13.44,BR,broken clouds,2022-02-04 14:45:24
234,Yingcheng,30.95,113.55,39.25,60,0,5.48,CN,clear sky,2022-02-04 14:45:24
235,Takoradi,4.8845,-1.7554,84.97,61,20,11.63,GH,few clouds,2022-02-04 14:45:24
236,Eureka,40.8021,-124.1637,44.92,87,100,4.5,US,overcast clouds,2022-02-04 14:43:48
237,Troitskiy,57.0603,63.7481,25.12,93,100,7.81,RU,overcast clouds,2022-02-04 14:45:25
238,Pevek,69.7008,170.3133,-23.19,100,95,4.12,RU,overcast clouds,2022-02-04 14:45:25
239,Coquimbo,-29.9533,-71.3436,69.53,68,40,6.91,CL,scattered clouds,2022-02-04 14:45:26
240,Yatou,37.15,122.3833,25.59,56,89,9.86,CN,overcast clouds,2022-02-04 14:45:26
241,Chumikan,54.7183,135.315,-2.72,79,99,11.83,RU,overcast clouds,2022-02-04 14:45:26
242,Torbay,47.6666,-52.7314,41.76,95,100,13.8,CA,moderate rain,2022-02-04 14:41:16
243,Zhytomyr,50.2649,28.6767,19.99,95,95,3.83,UA,overcast clouds,2022-02-04 14:45:27
244,Natal,-5.795,-35.2094,86.65,66,40,16.11,BR,scattered clouds,2022-02-04 14:44:25
245,Quatre Cocos,-20.2078,57.7625,80.71,86,100,16.26,MU,light rain,2022-02-04 14:45:27
246,Barcelos,41.5388,-8.6151,57.29,63,98,7.76,PT,overcast clouds,2022-02-04 14:45:27
247,Tamazunchale,21.2667,-98.7833,43.27,88,100,2.95,MX,overcast clouds,2022-02-04 14:45:28
248,Santa Rosa,14.3122,121.1114,80.58,74,85,13.15,PH,overcast clouds,2022-02-04 14:45:28
249,Katsuura,35.1333,140.3,42.91,88,23,11.43,JP,few clouds,2022-02-04 14:42:32
250,Nagua,19.3832,-69.8474,77.45,88,40,0.0,DO,scattered clouds,2022-02-04 14:45:28
251,Cuernavaca,18.9167,-99.25,68.49,50,0,2.93,MX,clear sky,2022-02-04 14:45:29
252,Hasaki,35.7333,140.8333,28.8,90,99,11.54,JP,overcast clouds,2022-02-04 14:43:15
253,Paita,-5.0892,-81.1144,73.96,69,42,8.28,PE,scattered clouds,2022-02-04 14:45:29
254,Wucheng,29.6008,118.175,36.46,88,38,2.37,CN,scattered clouds,2022-02-04 14:45:29
255,Bara,10.3744,10.7288,85.78,10,0,10.92,NG,clear sky,2022-02-04 14:45:30
256,Pacific Grove,36.6177,-121.9166,51.57,62,0,4.61,US,clear sky,2022-02-04 14:45:30
257,Manzhouli,49.6,117.4333,-9.36,88,8,9.08,CN,clear sky,2022-02-04 14:45:30
258,Maroantsetra,-15.4333,49.7333,81.63,74,100,5.14,MG,overcast clouds,2022-02-04 14:45:31
259,Karratha,-20.7377,116.8463,85.46,68,87,8.25,AU,overcast clouds,2022-02-04 14:45:31
260,Shimoda,34.6667,138.95,39.11,53,0,29.3,JP,clear sky,2022-02-04 14:45:31
261,Lavrentiya,65.5833,-171.0,1.17,53,0,18.48,RU,clear sky,2022-02-04 14:45:31
262,Kharagpur,22.3333,87.3333,70.59,78,20,11.5,IN,few clouds,2022-02-04 14:45:32
263,Victoria,22.2855,114.1577,59.25,72,7,4.0,HK,clear sky,2022-02-04 14:41:33
264,Mabay,6.0577,124.4666,77.04,84,100,3.22,PH,moderate rain,2022-02-04 14:45:32
265,Hualmay,-11.0964,-77.6139,73.8,75,37,8.3,PE,scattered clouds,2022-02-04 14:45:33
266,Bay Roberts,47.5999,-53.2648,39.65,93,100,14.0,CA,moderate rain,2022-02-04 14:45:33
267,Eyl,7.9803,49.8164,77.0,53,15,16.91,SO,few clouds,2022-02-04 14:45:33
268,Trairi,-3.2778,-39.2689,82.0,78,100,9.46,BR,overcast clouds,2022-02-04 14:45:34
269,Mkokotoni,-5.8767,39.2547,87.96,77,95,12.44,TZ,overcast clouds,2022-02-04 14:45:34
270,Kabare,-2.4683,28.8242,67.98,90,97,2.77,CD,light rain,2022-02-04 14:45:34
271,Qui Nhon,13.7667,109.2333,71.83,88,89,19.13,VN,overcast clouds,2022-02-04 14:45:35
272,Masunga,-20.6246,27.4488,79.2,49,37,15.59,BW,scattered clouds,2022-02-04 14:45:35
273,Tsiroanomandidy,-18.7667,46.0333,72.57,83,82,10.58,MG,moderate rain,2022-02-04 14:45:35
274,Waki,34.0667,134.15,38.62,74,72,10.33,JP,broken clouds,2022-02-04 14:45:36
275,De Aar,-30.6497,24.0123,80.8,21,57,14.43,ZA,broken clouds,2022-02-04 14:46:36
276,Atar,20.5169,-13.0499,87.94,7,14,7.9,MR,few clouds,2022-02-04 14:46:36
277,Tianpeng,30.9866,103.9393,45.07,80,98,2.33,CN,overcast clouds,2022-02-04 14:46:37
278,Kawalu,-7.3817,108.2082,73.54,95,91,1.1,ID,light rain,2022-02-04 14:46:37
279,Biak,-0.9131,122.8766,76.66,84,100,4.05,ID,overcast clouds,2022-02-04 14:46:37
280,Axim,4.8699,-2.2405,83.89,63,41,10.8,GH,scattered clouds,2022-02-04 14:46:37
281,Waw,7.7029,27.9953,95.72,12,100,8.61,SS,overcast clouds,2022-02-04 14:46:38
282,Juneau,58.3019,-134.4197,35.1,93,100,6.91,US,light snow,2022-02-04 14:44:46
283,Mouila,-1.8685,11.0559,81.95,76,68,2.39,GA,light rain,2022-02-04 14:46:38
284,Fare,-16.7,-151.0167,79.66,77,13,12.55,PF,light rain,2022-02-04 14:46:38
285,Uryupinsk,50.8047,42.0138,24.62,92,100,11.23,RU,overcast clouds,2022-02-04 14:46:39
286,Nanfeng,23.7434,111.7959,47.79,82,2,3.53,CN,clear sky,2022-02-04 14:46:39
287,Chake Chake,-5.2459,39.7666,82.76,72,100,13.38,TZ,overcast clouds,2022-02-04 14:46:40
288,Morros,-9.4467,-46.3003,88.16,46,98,6.13,BR,overcast clouds,2022-02-04 14:46:40
289,Tiksi,71.6872,128.8694,-18.62,99,98,6.13,RU,overcast clouds,2022-02-04 14:45:40
290,Non Sung,15.1801,102.2569,81.61,51,11,7.16,TH,few clouds,2022-02-04 14:46:40
291,Fort Nelson,58.8053,-122.7002,-11.61,77,100,5.75,CA,snow,2022-02-04 14:45:21
292,Parakou,9.3372,2.6303,94.77,9,2,5.23,BJ,clear sky,2022-02-04 14:46:41
293,Vila,42.0304,-8.1588,48.74,78,100,4.21,PT,overcast clouds,2022-02-04 14:46:41
294,Sorong,-0.8833,131.25,81.27,81,100,10.87,ID,overcast clouds,2022-02-04 14:46:41
295,Geraldton,-28.7667,114.6,75.61,57,0,5.75,AU,clear sky,2022-02-04 14:44:35
296,Okha,53.5739,142.9478,3.56,93,100,19.91,RU,light snow,2022-02-04 14:46:42
297,Inuvik,68.3499,-133.7218,-19.19,76,0,4.61,CA,clear sky,2022-02-04 14:46:42
298,Punta Alta,-38.8759,-62.0736,75.85,60,100,8.03,AR,overcast clouds,2022-02-04 14:46:42
299,Broome,42.2506,-75.833,23.77,77,100,1.01,US,light snow,2022-02-04 14:46:43
300,Matamoros,25.5333,-103.25,37.11,66,0,4.94,MX,clear sky,2022-02-04 14:46:43
301,Aklavik,68.2191,-135.0107,-21.17,68,0,6.91,CA,clear sky,2022-02-04 14:45:48
302,Darnah,32.767,22.6367,55.18,59,16,19.8,LY,few clouds,2022-02-04 14:46:43
303,San Jeronimo,-11.9472,-75.2829,57.38,60,100,1.86,PE,overcast clouds,2022-02-04 14:46:44
304,Kjollefjord,70.9457,27.3465,15.85,80,100,27.51,NO,overcast clouds,2022-02-04 14:46:44
305,Port-Gentil,-0.7193,8.7815,87.76,62,40,9.22,GA,scattered clouds,2022-02-04 14:46:44
306,Oranjemund,-28.55,16.4333,68.77,67,7,23.67,NA,clear sky,2022-02-04 14:46:44
307,Nizwa,22.9333,57.5333,74.52,27,13,5.79,OM,few clouds,2022-02-04 14:46:45
308,Akdepe,42.0551,59.3788,44.69,56,100,14.67,TM,overcast clouds,2022-02-04 14:46:45
309,Morant Bay,17.8815,-76.4093,83.62,72,5,9.98,JM,clear sky,2022-02-04 14:46:45
310,La Romana,18.4273,-68.9728,79.16,78,40,8.05,DO,scattered clouds,2022-02-04 14:46:46
311,Port-Cartier,50.0334,-66.8654,-1.25,78,98,6.67,CA,overcast clouds,2022-02-04 14:46:46
312,Esperance,-33.8667,121.9,69.64,72,0,16.64,AU,clear sky,2022-02-04 14:46:46
313,Salalah,17.0151,54.0924,77.09,61,0,8.05,OM,clear sky,2022-02-04 14:46:39
314,Tyret Pervaya,53.6703,102.3106,-3.44,99,98,3.36,RU,overcast clouds,2022-02-04 14:46:47
315,Nata,8.3333,-80.5167,82.47,53,34,12.88,PA,scattered clouds,2022-02-04 14:46:47
316,Piacabucu,-10.4056,-36.4344,86.61,58,13,13.8,BR,few clouds,2022-02-04 14:43:10
317,Manggar,-2.8833,108.2667,79.81,82,65,7.74,ID,broken clouds,2022-02-04 14:46:47
318,Tautira,-17.7333,-149.15,78.82,76,69,13.56,PF,light rain,2022-02-04 14:46:48
319,Cockburn Town,21.4612,-71.1419,75.92,71,0,19.77,TC,clear sky,2022-02-04 14:46:48
320,Hofn,64.2539,-15.2082,32.02,55,20,26.46,IS,light snow,2022-02-04 14:46:48
321,Yelizovo,53.1873,158.3805,26.74,58,75,8.99,RU,broken clouds,2022-02-04 14:46:49
322,Te Anau,-45.4167,167.7167,42.96,94,100,3.94,NZ,overcast clouds,2022-02-04 14:46:24
323,Veraval,20.9,70.3667,69.1,52,2,6.71,IN,clear sky,2022-02-04 14:47:49
324,Zelenets,61.8849,50.7489,14.25,100,81,1.59,RU,broken clouds,2022-02-04 14:47:49
325,Solnechnyy,50.7214,136.6319,0.37,98,100,0.74,RU,overcast clouds,2022-02-04 14:47:50
326,Maldonado,-34.6667,-54.9167,76.23,70,75,11.52,UY,broken clouds,2022-02-04 14:46:35
327,Bandarbeyla,9.4942,50.8122,76.51,59,3,12.1,SO,clear sky,2022-02-04 14:47:50
328,Saint-Augustin,51.226,-58.6502,-4.25,72,100,9.13,CA,overcast clouds,2022-02-04 14:47:44
329,Mtwara,-10.2667,40.1833,82.31,81,88,11.21,TZ,light rain,2022-02-04 14:47:50
330,Jurm,36.8648,70.8342,19.54,42,41,7.78,AF,scattered clouds,2022-02-04 14:47:51
331,Wabrzezno,53.2799,18.9477,43.11,96,100,8.39,PL,overcast clouds,2022-02-04 14:47:51
332,Aykhal,66.0,111.5,-24.81,100,80,3.47,RU,broken clouds,2022-02-04 14:47:51
333,Barmer,25.75,71.3833,67.48,18,0,7.7,IN,clear sky,2022-02-04 14:47:52
334,Kahului,20.8947,-156.47,66.85,81,0,4.61,US,clear sky,2022-02-04 14:46:32
335,Puerto Del Rosario,28.5004,-13.8627,69.55,49,20,5.75,ES,few clouds,2022-02-04 14:47:52
336,Bagan,54.1001,77.6646,12.31,88,94,9.66,RU,overcast clouds,2022-02-04 14:47:52
337,Ondjiva,-17.0667,15.7333,77.85,37,100,5.23,AO,overcast clouds,2022-02-04 14:47:53
338,Bela,25.9333,81.9833,57.29,61,30,7.4,IN,scattered clouds,2022-02-04 14:47:53
339,Venkatagiri,13.9667,79.5833,79.27,81,35,5.01,IN,scattered clouds,2022-02-04 14:47:53
340,Leshukonskoye,64.8989,45.7622,-9.76,100,85,2.48,RU,overcast clouds,2022-02-04 14:47:54
341,Mehamn,71.0357,27.8492,15.98,80,100,26.11,NO,overcast clouds,2022-02-04 14:47:54
342,Havelock,34.8791,-76.9013,73.35,86,100,14.0,US,overcast clouds,2022-02-04 14:43:09
343,San Policarpo,12.1791,125.5072,75.79,88,100,9.48,PH,overcast clouds,2022-02-04 14:47:54
344,Waingapu,-9.6567,120.2641,79.16,83,100,8.01,ID,overcast clouds,2022-02-04 14:47:55
345,Price,39.5994,-110.8107,11.46,72,0,4.61,US,clear sky,2022-02-04 14:47:55
346,Kinsale,51.7075,-8.5306,46.24,70,75,26.46,IE,broken clouds,2022-02-04 14:47:55
347,Oksfjord,70.2396,22.3479,21.38,91,100,19.13,NO,light snow,2022-02-04 14:47:56
348,Amazar,53.858,120.875,0.18,80,100,5.3,RU,overcast clouds,2022-02-04 14:47:56
349,Kasimov,54.9411,41.3953,21.92,89,100,12.35,RU,light snow,2022-02-04 14:47:56
350,Port Moresby,-9.4431,147.1797,76.42,94,40,3.44,PG,scattered clouds,2022-02-04 14:47:57
351,Maniitsoq,65.4167,-52.9,5.85,85,100,18.28,GL,light snow,2022-02-04 14:47:51
352,Xai-Xai,-25.0519,33.6442,82.24,67,39,14.29,MZ,scattered clouds,2022-02-04 14:47:57
353,Arman,59.7,150.1667,-3.05,73,99,11.88,RU,overcast clouds,2022-02-04 14:47:57
354,Dingle,10.9995,122.6711,73.72,93,100,12.3,PH,overcast clouds,2022-02-04 14:47:58
355,Haysyn,48.8114,29.3898,28.83,65,55,3.04,UA,broken clouds,2022-02-04 14:47:58
356,Aripuana,-9.1667,-60.6333,81.5,84,63,1.7,BR,broken clouds,2022-02-04 14:47:58
357,Sembe,1.6481,14.5806,95.09,25,95,3.33,CG,overcast clouds,2022-02-04 14:47:58
358,Shellbrook,53.2168,-106.4011,-38.97,96,100,6.71,CA,overcast clouds,2022-02-04 14:43:16
359,Mount Isa,-20.7333,139.5,71.37,40,69,8.05,AU,broken clouds,2022-02-04 14:47:59
360,Husavik,66.0449,-17.3389,28.31,92,100,21.0,IS,snow,2022-02-04 14:47:59
361,Provideniya,64.3833,-173.3,-0.45,65,7,16.6,RU,clear sky,2022-02-04 14:48:00
362,Bambous Virieux,-20.3428,57.7575,80.85,89,75,14.97,MU,light rain,2022-02-04 14:48:00
363,Turayf,31.6725,38.6637,50.25,57,75,18.41,SA,broken clouds,2022-02-04 14:48:00
364,Pisco,-13.7,-76.2167,72.01,68,0,6.91,PE,clear sky,2022-02-04 14:48:00
365,Mikhaylov,54.2292,39.0186,23.04,95,93,8.7,RU,light snow,2022-02-04 14:48:01
366,Zhigansk,66.7697,123.3711,-37.59,100,80,3.13,RU,broken clouds,2022-02-04 14:48:01
367,Eirunepe,-6.6603,-69.8736,79.03,88,99,2.91,BR,overcast clouds,2022-02-04 14:48:02
368,Torit,4.4133,32.5678,93.0,20,100,1.5,SS,overcast clouds,2022-02-04 14:48:02
369,El Sauzal,31.9,-116.6833,50.0,28,1,10.2,MX,clear sky,2022-02-04 14:49:02
370,Noumea,-22.2763,166.4572,75.18,85,100,3.13,NC,overcast clouds,2022-02-04 14:49:02
371,Khabary,53.6259,79.5345,8.58,95,99,8.57,RU,overcast clouds,2022-02-04 14:49:03
372,Bonavista,48.6499,-53.1147,33.12,95,100,18.81,CA,snow,2022-02-04 14:49:03
373,Vila Velha,-20.3297,-40.2925,85.95,83,75,10.0,BR,broken clouds,2022-02-04 14:45:49
374,Oistins,13.0667,-59.5333,73.49,83,75,20.71,BB,broken clouds,2022-02-04 14:49:04
375,Myitkyina,25.3833,97.4,60.58,65,74,2.39,MM,broken clouds,2022-02-04 14:49:04
376,Mumbwa,-14.9783,27.0619,71.89,87,100,3.51,ZM,light rain,2022-02-04 14:49:04
377,Muisne,0.6,-80.0333,78.91,76,97,8.9,EC,overcast clouds,2022-02-04 14:49:05
378,Renqiu,38.6989,116.0936,25.57,24,0,3.53,CN,clear sky,2022-02-04 14:49:05
379,North Bend,43.4065,-124.2243,40.91,100,75,9.22,US,broken clouds,2022-02-04 14:49:05
380,Pochutla,15.7432,-96.4661,77.83,52,1,3.22,MX,clear sky,2022-02-04 14:49:05
381,Garwolin,51.8975,21.6147,40.68,97,100,8.66,PL,overcast clouds,2022-02-04 14:49:06
382,Labe,11.3182,-12.2833,88.99,9,0,5.57,GN,clear sky,2022-02-04 14:47:13
383,Pyu,18.4833,96.4333,70.43,49,3,0.65,MM,clear sky,2022-02-04 14:49:06
384,Hamilton,39.1834,-84.5333,21.4,89,100,3.0,US,snow,2022-02-04 14:46:37
385,Perama,37.9757,23.5828,52.88,46,20,4.61,GR,few clouds,2022-02-04 14:49:07
386,Lagoa,39.05,-27.9833,57.94,81,91,19.46,PT,overcast clouds,2022-02-04 14:47:40
387,Verkhnetulomskiy,68.6073,31.7962,-7.47,95,100,4.74,RU,overcast clouds,2022-02-04 14:49:07
388,Kaabong,3.4836,34.1492,77.99,33,100,12.53,UG,overcast clouds,2022-02-04 14:49:07
389,Bulaevo,54.9056,70.4439,18.95,82,100,10.58,KZ,overcast clouds,2022-02-04 14:49:08
390,Clyde River,70.4692,-68.5914,-3.77,84,100,31.07,CA,snow,2022-02-04 14:49:08
391,Sokoto,13.0609,5.239,85.48,8,0,14.03,NG,clear sky,2022-02-04 14:49:08
392,Lakatoro,-16.0999,167.4164,78.76,89,100,25.23,VU,moderate rain,2022-02-04 14:49:08
393,Beyneu,45.3167,55.2,40.82,73,100,20.2,KZ,overcast clouds,2022-02-04 14:49:09
394,Pimentel,-6.8367,-79.9342,70.09,83,0,10.36,PE,clear sky,2022-02-04 14:49:09
395,Ketchikan,55.3422,-131.6461,46.87,87,100,12.66,US,moderate rain,2022-02-04 14:49:09
396,Kumhari,21.2667,81.5167,70.14,26,0,8.55,IN,clear sky,2022-02-04 14:49:10
397,Aranos,-24.1333,19.1167,89.65,18,8,17.36,NA,clear sky,2022-02-04 14:49:10
398,Smithers,54.7804,-127.1743,34.12,86,100,8.05,CA,light rain,2022-02-04 14:49:10
399,Akureyri,65.6835,-18.0878,28.33,93,100,17.27,IS,overcast clouds,2022-02-04 14:49:11
400,Patacamaya,-17.2333,-67.9167,53.13,58,100,1.5,BO,overcast clouds,2022-02-04 14:49:11
401,Nabire,-3.3667,135.4833,76.59,90,96,1.7,ID,overcast clouds,2022-02-04 14:49:11
402,Lasa,46.6166,10.7002,49.3,82,5,1.05,IT,clear sky,2022-02-04 14:49:11
403,Guarapari,-20.6667,-40.4975,85.89,78,100,9.89,BR,overcast clouds,2022-02-04 14:49:12
404,Moose Factory,51.2585,-80.6094,-23.8,76,0,5.75,CA,clear sky,2022-02-04 14:47:15
405,Windhoek,-22.5594,17.0832,79.11,42,95,7.0,NA,overcast clouds,2022-02-04 14:49:12
406,Ucluelet,48.9329,-125.5528,46.09,94,100,1.99,CA,light rain,2022-02-04 14:45:21
407,Salinas,36.6777,-121.6555,51.96,61,0,11.5,US,clear sky,2022-02-04 14:47:42
408,Taranto,40.6167,17.25,59.36,59,0,8.05,IT,clear sky,2022-02-04 14:49:13
409,Mackay,-21.15,149.2,78.78,83,75,25.32,AU,light intensity shower rain,2022-02-04 14:49:13
410,Sedam,17.1773,77.2824,74.57,23,25,4.7,IN,scattered clouds,2022-02-04 14:49:13
411,Yamada,39.4667,141.95,28.06,61,26,3.71,JP,scattered clouds,2022-02-04 14:49:35
412,Talcahuano,-36.7167,-73.1167,67.68,68,0,10.36,CL,clear sky,2022-02-04 14:49:36
413,Parabel,58.6978,81.4825,22.51,93,100,13.06,RU,light snow,2022-02-04 14:49:36
414,Severo-Kurilsk,50.6789,156.125,28.11,87,100,3.78,RU,overcast clouds,2022-02-04 14:49:36
415,Lata,40.1629,-8.3327,60.35,57,100,7.61,PT,overcast clouds,2022-02-04 14:49:36
416,Walvis Bay,-22.9575,14.5053,70.09,67,22,15.35,NA,few clouds,2022-02-04 14:49:37
417,Qostanay,53.1667,63.5833,20.55,83,100,11.56,KZ,overcast clouds,2022-02-04 14:50:37
418,Maumee,41.5628,-83.6538,16.81,82,100,3.0,US,overcast clouds,2022-02-04 14:50:37
419,Tondano,1.3038,124.9112,68.09,95,99,2.13,ID,overcast clouds,2022-02-04 14:50:38
420,Bada,51.392,109.8717,-0.45,98,99,4.83,RU,overcast clouds,2022-02-04 14:50:38
421,Hervey Bay,-25.2986,152.8535,73.51,70,100,25.99,AU,overcast clouds,2022-02-04 14:50:38
422,Nouakchott,18.0858,-15.9785,89.53,21,0,8.3,MR,clear sky,2022-02-04 14:47:35
423,Merrill,45.1805,-89.6835,2.17,88,100,4.05,US,overcast clouds,2022-02-04 14:47:07
424,Fort Frances,48.5999,-93.4003,-14.58,84,100,0.0,CA,haze,2022-02-04 14:49:46
425,Kargil,34.5667,76.1,-6.68,89,84,4.68,IN,broken clouds,2022-02-04 14:50:39
426,Dudinka,69.4058,86.1778,-2.38,96,100,6.13,RU,overcast clouds,2022-02-04 14:50:39
427,San Felipe,10.3399,-68.7425,82.09,55,63,7.4,VE,broken clouds,2022-02-04 14:50:39
428,Usinsk,65.9939,57.5281,5.11,97,97,7.27,RU,overcast clouds,2022-02-04 14:50:40
429,Laurel,39.0993,-76.8483,50.09,95,100,1.01,US,light rain,2022-02-04 14:50:31
430,Jalu,29.0331,21.5482,60.44,40,3,15.48,LY,clear sky,2022-02-04 14:49:37
431,Port Macquarie,-31.4333,152.9167,69.76,72,84,16.24,AU,broken clouds,2022-02-04 14:49:14
432,Coihaique,-45.5752,-72.0662,61.41,71,20,3.44,CL,few clouds,2022-02-04 14:48:02
433,Leh,34.1667,77.5833,1.76,90,97,1.9,IN,overcast clouds,2022-02-04 14:50:40
434,Saldanha,-33.0117,17.9442,78.85,63,0,26.62,ZA,clear sky,2022-02-04 14:50:41
435,Ambon,-3.6954,128.1814,78.94,89,40,9.22,ID,scattered clouds,2022-02-04 14:50:41
436,Alyangula,-13.8483,136.4192,82.27,83,100,5.75,AU,thunderstorm,2022-02-04 14:50:41
437,Puerto Penasco,31.3167,-113.5333,51.48,26,4,16.06,MX,clear sky,2022-02-04 14:50:41
438,Houma,29.5958,-90.7195,37.99,96,100,13.85,US,light rain,2022-02-04 14:50:42
439,Susangerd,31.5608,48.1831,62.62,54,1,12.66,IR,clear sky,2022-02-04 14:50:42
440,Dzerzhinskoye,56.8344,95.2283,7.66,96,94,3.71,RU,overcast clouds,2022-02-04 14:50:42
441,Hoskote,13.0669,77.7983,77.31,35,80,2.3,IN,broken clouds,2022-02-04 14:50:43
442,Adrar,20.5022,-10.0711,82.2,7,11,10.76,MR,few clouds,2022-02-04 14:47:12
443,Maun,-19.9833,23.4167,87.21,40,92,6.82,BW,overcast clouds,2022-02-04 14:48:43
444,Trelew,-43.249,-65.3051,62.87,82,75,13.8,AR,moderate rain,2022-02-04 14:50:43
445,Koumac,-20.5667,164.2833,79.97,87,100,3.94,NC,light rain,2022-02-04 14:50:43
446,Muyezerskiy,63.9333,31.65,9.86,94,100,7.87,RU,overcast clouds,2022-02-04 14:50:44
447,Alamos,27.0167,-108.9333,54.95,55,0,3.6,MX,clear sky,2022-02-04 14:50:44
448,Uptar,59.75,150.9167,-11.49,67,97,9.78,RU,overcast clouds,2022-02-04 14:50:44
449,Mbuguni,-3.5667,36.95,89.22,42,100,7.99,TZ,overcast clouds,2022-02-04 14:50:45
450,Poum,-20.2333,164.0167,81.12,85,100,17.11,NC,light rain,2022-02-04 14:50:45
451,Denpasar,-8.65,115.2167,76.71,94,40,4.61,ID,scattered clouds,2022-02-04 14:49:10
452,Pujili,-0.95,-78.6833,56.48,71,40,3.44,EC,fog,2022-02-04 14:50:45
453,Panaba,21.2833,-88.2667,79.74,70,7,8.68,MX,clear sky,2022-02-04 14:50:46
454,Bairiki,1.3292,172.9752,80.6,83,20,11.5,KI,few clouds,2022-02-04 14:45:51
455,Newport,51.5877,-2.9984,48.45,60,8,5.01,GB,clear sky,2022-02-04 14:46:33
456,Lucea,18.451,-78.1736,81.86,70,2,14.03,JM,clear sky,2022-02-04 14:50:46
457,Kuytun,54.3419,101.5036,1.27,98,100,3.42,RU,overcast clouds,2022-02-04 14:50:46
458,Waipawa,-41.4122,175.5153,63.45,89,100,5.32,NZ,overcast clouds,2022-02-04 14:50:47
459,Kresttsy,58.2452,32.5165,2.08,100,78,3.11,RU,broken clouds,2022-02-04 14:50:47
460,Paamiut,61.994,-49.6678,7.65,77,100,17.34,GL,light snow,2022-02-04 14:50:47
461,Ocho Rios,18.4025,-77.1048,83.75,75,33,11.79,JM,scattered clouds,2022-02-04 14:49:05
462,Yemtsa,63.0734,40.3329,-3.51,100,62,3.0,RU,broken clouds,2022-02-04 14:50:48
463,Coro,11.4045,-69.6734,83.17,60,7,13.0,VE,clear sky,2022-02-04 14:50:48
464,Balangiga,11.1097,125.3875,75.0,92,100,12.28,PH,overcast clouds,2022-02-04 14:51:48
465,Kloulklubed,7.0419,134.2556,81.55,81,18,15.39,PW,few clouds,2022-02-04 14:51:49
466,Zadar,44.1197,15.2422,54.21,62,75,11.5,HR,broken clouds,2022-02-04 14:51:49
467,Bubaque,11.2833,-15.8333,78.55,54,0,7.07,GW,clear sky,2022-02-04 14:51:49
468,Buala,-8.145,159.5921,80.53,83,100,8.23,SB,overcast clouds,2022-02-04 14:51:49
469,Ibiapina,-3.9233,-40.8894,80.15,56,85,8.23,BR,overcast clouds,2022-02-04 14:51:50
470,Blagoyevo,63.3667,47.9167,-3.3,100,64,2.46,RU,broken clouds,2022-02-04 14:51:50
471,Ahipara,-35.1667,173.1667,71.28,87,95,14.74,NZ,overcast clouds,2022-02-04 14:51:50
472,Saint Anthony,45.0205,-93.218,3.24,75,100,1.01,US,overcast clouds,2022-02-04 14:51:51
473,Surt,31.2089,16.5887,59.32,61,0,5.39,LY,clear sky,2022-02-04 14:51:51
474,Rocha,-34.4833,-54.3333,80.85,63,58,11.18,UY,broken clouds,2022-02-04 14:51:51
475,Bose,45.4612,8.0137,53.74,63,2,3.09,IT,clear sky,2022-02-04 14:51:52
476,Nantucket,41.2835,-70.0995,52.14,90,100,23.02,US,moderate rain,2022-02-04 14:51:52
477,Mantua,45.1667,10.7833,53.28,81,100,3.0,IT,overcast clouds,2022-02-04 14:51:52
478,Norton,-17.8833,30.7,72.28,55,47,2.57,ZW,scattered clouds,2022-02-04 14:51:53
479,Zonguldak,41.25,31.8333,28.08,83,87,2.68,TR,overcast clouds,2022-02-04 14:51:51
480,Okhotsk,59.3833,143.3,1.22,73,43,16.02,RU,scattered clouds,2022-02-04 14:51:53
481,Bambanglipuro,-7.95,110.2833,77.83,87,93,4.34,ID,light rain,2022-02-04 14:51:53
482,Xining,36.6167,101.7667,19.2,46,98,5.14,CN,overcast clouds,2022-02-04 14:51:34
483,Robertsport,6.7533,-11.3686,82.83,68,1,12.77,LR,clear sky,2022-02-04 14:51:54
484,Korla,41.7597,86.1469,27.57,46,100,5.41,CN,overcast clouds,2022-02-04 14:51:54
485,Broken Hill,-31.95,141.4333,65.91,39,100,6.91,AU,overcast clouds,2022-02-04 14:51:54
486,Changli,39.7042,119.1506,17.87,44,0,9.55,CN,clear sky,2022-02-04 14:51:55
487,Porosozero,62.7191,32.727,4.28,99,100,5.14,RU,overcast clouds,2022-02-04 14:51:55
488,Sabang,5.8933,95.3214,83.25,74,37,15.5,ID,scattered clouds,2022-02-04 14:51:55
489,Khani,41.9563,42.9566,35.17,100,100,2.71,GE,snow,2022-02-04 14:51:56
490,Aksarka,66.5606,67.7975,6.37,96,100,2.51,RU,light snow,2022-02-04 14:51:56
491,Kavaratti,10.5669,72.642,79.11,65,54,11.36,IN,broken clouds,2022-02-04 14:51:56
492,Moerai,-22.4333,-151.3333,78.08,79,40,18.01,PF,light rain,2022-02-04 14:51:56
493,High Level,58.5169,-117.136,-5.69,77,100,3.44,CA,snow,2022-02-04 14:51:57
494,Paunesti,46.0333,27.1,43.61,53,22,2.39,RO,few clouds,2022-02-04 14:51:57
495,Kyabram,-36.3167,145.05,64.87,60,1,7.72,AU,clear sky,2022-02-04 14:51:57
496,Half Moon Bay,37.4636,-122.4286,51.91,86,0,0.0,US,clear sky,2022-02-04 14:50:30
497,Kuzhener,56.8111,48.9128,21.4,95,100,16.82,RU,snow,2022-02-04 14:51:58
498,Pueblo,38.2545,-104.6091,27.18,74,0,3.44,US,clear sky,2022-02-04 14:50:35
499,Becerril,9.7041,-73.2793,93.31,38,8,1.21,CO,clear sky,2022-02-04 14:51:58
500,Puerto Escondido,15.85,-97.0667,79.09,59,0,4.07,MX,clear sky,2022-02-04 14:51:58
501,Krasnoselkup,65.7,82.4667,15.93,96,100,7.49,RU,light snow,2022-02-04 14:51:59
502,Prainha,-1.8,-53.48,80.74,79,100,3.58,BR,light rain,2022-02-04 14:51:59
503,Beloha,-25.1667,45.05,79.7,66,1,19.53,MG,clear sky,2022-02-04 14:51:59
504,Jaciara,-15.9653,-54.9683,84.49,66,99,4.9,BR,overcast clouds,2022-02-04 14:52:00
505,Airai,-8.9266,125.4092,61.34,90,100,1.97,TL,overcast clouds,2022-02-04 14:52:00
506,Areosa,41.7178,-8.8571,58.32,68,97,9.62,PT,overcast clouds,2022-02-04 14:52:00
507,Usak,38.5,29.4167,33.82,65,100,5.03,TR,overcast clouds,2022-02-04 14:52:01
508,Vejalpur,22.6833,73.5667,72.52,17,0,2.77,IN,clear sky,2022-02-04 14:52:01
509,Duku,11.2361,4.9073,92.61,8,32,5.75,NG,scattered clouds,2022-02-04 14:52:01
510,Bahia Honda,22.9036,-83.1592,77.41,74,17,6.46,CU,few clouds,2022-02-04 14:53:02
511,Lloydminster,53.2835,-110.0016,-9.18,70,100,17.27,CA,mist,2022-02-04 14:51:27
512,Beboto,8.2668,16.939,94.98,8,24,8.23,TD,few clouds,2022-02-04 14:53:02
513,Dayong,25.0209,118.2898,53.28,89,100,3.15,CN,overcast clouds,2022-02-04 14:53:02
514,Alihe,50.5667,123.7167,-1.41,88,100,3.83,CN,overcast clouds,2022-02-04 14:53:03
515,Itarema,-2.9248,-39.9167,83.93,66,100,13.58,BR,overcast clouds,2022-02-04 14:53:03
516,Ostrovnoy,68.0531,39.5131,3.24,96,86,9.31,RU,overcast clouds,2022-02-04 14:53:03
517,Hokitika,-42.7167,170.9667,61.56,93,100,5.01,NZ,overcast clouds,2022-02-04 14:53:03
518,Caucaia,-3.7361,-38.6531,87.08,83,75,6.91,BR,broken clouds,2022-02-04 14:53:04
519,Richards Bay,-28.783,32.0377,73.72,94,100,15.35,ZA,moderate rain,2022-02-04 14:53:04
520,Panlaitan,12.1191,119.8486,79.97,76,98,20.69,PH,overcast clouds,2022-02-04 14:53:04
521,Yeniseysk,58.4497,92.1703,17.94,92,100,8.03,RU,overcast clouds,2022-02-04 14:53:05
522,Adilcevaz,38.8039,42.7342,31.71,95,98,2.44,TR,light snow,2022-02-04 14:53:05
523,Unai,-16.3575,-46.9061,84.61,61,65,3.47,BR,broken clouds,2022-02-04 14:53:05
524,Peniche,39.3558,-9.3811,64.74,81,100,10.56,PT,overcast clouds,2022-02-04 14:53:06
525,Cascais,38.6979,-9.4215,62.47,66,40,1.01,PT,scattered clouds,2022-02-04 14:53:06
526,Pontianak,-0.0333,109.3333,75.18,100,75,3.44,ID,heavy intensity rain,2022-02-04 14:53:06
527,Sandpoint,48.2766,-116.5533,30.61,93,100,0.0,US,overcast clouds,2022-02-04 14:53:07
528,Dunedin,-45.8742,170.5036,52.81,79,100,4.0,NZ,overcast clouds,2022-02-04 14:53:07
529,Krefeld,51.3333,6.5667,50.67,72,20,8.99,DE,few clouds,2022-02-04 14:53:07
530,Sterling,39.0062,-77.4286,51.24,96,100,1.99,US,light rain,2022-02-04 14:53:07
531,Portsmouth,50.799,-1.0913,49.5,77,7,4.0,GB,clear sky,2022-02-04 14:53:08
532,Gewane,10.1664,40.6453,90.12,5,3,9.46,ET,clear sky,2022-02-04 14:53:08
533,The Valley,18.217,-63.0578,80.1,69,40,14.97,AI,scattered clouds,2022-02-04 14:53:09
534,Milas,37.3164,27.7839,52.95,37,20,12.66,TR,few clouds,2022-02-04 14:53:09
535,Yarada,17.65,83.2667,79.12,73,40,6.91,IN,mist,2022-02-04 14:53:09
536,San Carlos,9.6612,-68.5827,80.96,60,97,1.43,VE,overcast clouds,2022-02-04 14:53:10
537,Conway,35.0887,-92.4421,26.1,79,100,1.99,US,overcast clouds,2022-02-04 14:49:01
538,Saveh,35.0213,50.3566,51.84,46,1,5.17,IR,clear sky,2022-02-04 14:53:10
539,Lakhnadon,22.6,79.6,58.78,27,0,5.55,IN,clear sky,2022-02-04 14:53:10
540,Mattru,7.6244,-11.8332,101.07,19,6,2.59,SL,clear sky,2022-02-04 14:53:11
541,Wewak,-3.5534,143.6268,80.02,83,93,12.55,PG,overcast clouds,2022-02-04 14:53:11
542,Apac,1.9756,32.5386,86.43,28,100,6.26,UG,overcast clouds,2022-02-04 14:53:11
543,Rajpipla,21.8667,73.5,73.33,19,0,4.47,IN,clear sky,2022-02-04 14:53:11
544,Yerbogachen,61.2767,108.0108,-16.74,100,83,3.18,RU,broken clouds,2022-02-04 14:53:12
545,Garissa,-0.4536,39.6401,97.07,25,87,10.67,KE,overcast clouds,2022-02-04 14:53:12
546,Yermakovskoye,53.2831,92.4003,-7.15,100,37,1.07,RU,scattered clouds,2022-02-04 14:53:12
547,Hermosillo,29.0667,-110.9667,51.24,32,0,4.0,MX,clear sky,2022-02-04 14:53:13
548,Fabriano,43.3406,12.9073,54.05,76,75,3.38,IT,broken clouds,2022-02-04 14:53:13
549,Ekhabi,53.5102,142.9671,3.11,94,100,20.47,RU,light snow,2022-02-04 14:53:13
550,Hami,42.8,93.45,25.29,34,84,4.41,CN,broken clouds,2022-02-04 14:53:14
551,Kantang,7.4054,99.5156,77.54,81,49,7.0,TH,scattered clouds,2022-02-04 14:53:14
552,Manchester,53.4809,-2.2374,45.59,78,40,5.99,GB,scattered clouds,2022-02-04 14:53:14
553,Mezen,65.8522,44.24,-9.67,100,99,3.15,RU,overcast clouds,2022-02-04 14:53:15
554,Tongren,27.7172,109.1853,42.33,75,51,3.76,CN,broken clouds,2022-02-04 14:53:15
555,Birao,10.2849,22.7882,95.4,9,3,10.58,CF,clear sky,2022-02-04 14:53:15
556,Petropavlovsk-Kamchatskiy,53.0452,158.6483,25.39,59,75,8.95,RU,broken clouds,2022-02-04 14:54:16
557,Sijunjung,-0.6876,100.9537,72.27,95,89,1.34,ID,overcast clouds,2022-02-04 14:54:16
558,Birin,26.8865,88.0718,41.13,93,100,1.88,NP,moderate rain,2022-02-04 14:54:16
559,Gornopravdinsk,60.05,69.9,25.52,97,100,5.44,RU,overcast clouds,2022-02-04 14:49:42
560,Tazovskiy,67.4667,78.7,3.15,97,97,6.08,RU,overcast clouds,2022-02-04 14:54:17
561,Ayan,56.45,138.1667,-5.89,74,100,15.3,RU,overcast clouds,2022-02-04 14:54:17
562,Senador Jose Porfirio,-2.5908,-51.9542,80.87,77,100,3.91,BR,moderate rain,2022-02-04 14:54:17
563,Fengcheng,40.4536,124.0717,7.95,76,0,3.02,CN,clear sky,2022-02-04 14:54:18
564,Nanyamba,-10.6833,39.8333,77.56,88,96,6.02,TZ,moderate rain,2022-02-04 14:54:18
565,Nuuk,64.1835,-51.7216,4.77,78,100,10.13,GL,light snow,2022-02-04 14:54:18
566,Xiaoshi,41.2971,124.1209,3.22,89,4,1.79,CN,clear sky,2022-02-04 14:54:18
567,Stephenville,32.2207,-98.2023,21.33,86,100,0.0,US,overcast clouds,2022-02-04 14:51:33
568,Alibag,18.6411,72.8792,77.07,57,5,4.99,IN,clear sky,2022-02-04 14:54:19
569,Bilma,18.6853,12.9164,73.08,12,1,4.83,NE,clear sky,2022-02-04 14:54:19
570,Dolores,-36.3132,-57.6792,80.94,49,36,4.36,AR,scattered clouds,2022-02-04 14:54:19
571,Padampur,29.6833,73.6167,55.17,45,0,7.72,IN,clear sky,2022-02-04 14:54:20
572,Pemba,-12.974,40.5178,84.9,83,40,14.0,MZ,scattered clouds,2022-02-04 14:54:20
573,Merke,42.8728,73.1786,32.79,52,0,6.38,KZ,clear sky,2022-02-04 14:54:20
574,Bathsheba,13.2167,-59.5167,74.01,83,75,20.71,BB,broken clouds,2022-02-04 14:54:21
575,Irbil,36.1926,44.0106,49.82,81,100,4.61,IQ,overcast clouds,2022-02-04 14:54:21
576,Plettenberg Bay,-34.0527,23.3716,65.89,62,100,5.44,ZA,overcast clouds,2022-02-04 14:54:21
577,Costa Rica,-23.4167,-54.65,80.19,81,99,10.94,BR,overcast clouds,2022-02-04 14:54:22
578,Port Augusta,-32.5,137.7667,68.14,41,45,6.67,AU,scattered clouds,2022-02-04 14:54:22
579,Felsotarkany,47.9667,20.4167,42.48,67,76,2.48,HU,broken clouds,2022-02-04 14:54:22
580,Vaasa,63.096,21.6158,28.42,93,100,20.71,FI,light snow,2022-02-04 14:54:22
581,Gunjur,13.2019,-16.7339,95.07,24,0,6.91,GM,haze,2022-02-04 14:54:23
582,Deputatskiy,69.3,139.9,-28.21,100,85,2.91,RU,overcast clouds,2022-02-04 14:54:23
583,Lai,9.3952,16.2989,91.74,9,28,9.24,TD,scattered clouds,2022-02-04 14:54:23
584,Soyo,-6.1349,12.3689,82.02,64,92,10.18,AO,overcast clouds,2022-02-04 14:54:24
585,Talnakh,69.4865,88.3972,-2.79,96,99,7.94,RU,overcast clouds,2022-02-04 14:50:15
586,Chicama,-7.8447,-79.1469,64.94,61,20,6.82,PE,few clouds,2022-02-04 14:54:24
587,Grafton,42.207,-71.6856,34.75,93,100,17.27,US,freezing rain,2022-02-04 14:54:24
588,Bom Jesus,-9.0744,-44.3586,90.41,45,92,4.92,BR,overcast clouds,2022-02-04 14:54:25
589,Kamaishi,39.2667,141.8833,29.19,60,50,4.97,JP,scattered clouds,2022-02-04 14:54:25
590,Green River,41.5286,-109.4662,20.16,78,3,3.38,US,clear sky,2022-02-04 14:54:25
591,Nueve De Julio,-35.4444,-60.8831,78.71,68,100,7.23,AR,moderate rain,2022-02-04 14:54:26
592,Charters Towers,-20.1,146.2667,74.73,76,100,5.35,AU,overcast clouds,2022-02-04 14:54:26
593,Mitsamiouli,-11.3847,43.2844,86.29,74,40,9.22,KM,scattered clouds,2022-02-04 14:54:26
594,Liverpool,53.4106,-2.9779,46.67,77,75,11.99,GB,broken clouds,2022-02-04 14:54:13
595,Westport,41.1415,-73.3579,41.74,94,100,1.99,US,mist,2022-02-04 14:53:55
596,Clarence Town,-32.5833,151.7833,70.86,87,87,4.36,AU,overcast clouds,2022-02-04 14:54:27
597,Novyy Svit,47.8059,38.0211,29.01,94,100,9.57,UA,overcast clouds,2022-02-04 14:54:27
598,Marrakesh,31.6315,-8.0083,78.87,21,0,4.61,MA,clear sky,2022-02-04 14:52:58
599,Ledyard,41.4398,-72.0142,41.09,97,100,9.48,US,overcast clouds,2022-02-04 14:54:27
600,Sainte-Rose,16.3324,-61.6979,82.44,65,75,8.05,GP,broken clouds,2022-02-04 14:54:28
601,Urengoy,65.9667,78.3667,13.59,96,100,6.2,RU,overcast clouds,2022-02-04 14:55:28
602,Rio Grande,-32.035,-52.0986,77.11,90,98,4.59,BR,light rain,2022-02-04 14:55:28
603,Saint-Pierre,-21.3393,55.4781,82.04,78,20,5.75,RE,few clouds,2022-02-04 14:55:29
604,Gobabis,-22.45,18.9667,86.65,20,52,13.73,NA,broken clouds,2022-02-04 14:55:13
605,Kudahuvadhoo,2.6708,72.8944,81.86,72,45,9.44,MV,scattered clouds,2022-02-04 14:55:29
606,Gizo,-8.103,156.8419,82.26,79,100,10.83,SB,overcast clouds,2022-02-04 14:55:29
607,Verkhniy Tagil,57.3733,59.9556,30.0,99,100,2.3,RU,light snow,2022-02-04 14:55:30
608,Manaure,11.7751,-72.4445,82.51,58,2,14.76,CO,clear sky,2022-02-04 14:55:30
609,Lagunas,-5.2269,-75.6753,74.68,91,100,1.66,PE,overcast clouds,2022-02-04 14:55:30
610,Werda,-25.2667,23.2833,85.77,41,49,9.55,BW,light rain,2022-02-04 14:55:31
611,Alpena,45.0617,-83.4327,11.17,84,97,4.0,US,overcast clouds,2022-02-04 14:54:53
612,Tual,-5.6667,132.75,83.79,75,100,14.07,ID,overcast clouds,2022-02-04 14:55:31
613,Leua,48.2156,18.6071,43.75,78,100,1.45,SK,overcast clouds,2022-02-04 14:55:31
614,Aswan,24.0934,32.907,67.3,22,0,19.57,EG,clear sky,2022-02-04 14:55:32
615,Grottaglie,40.5392,17.4337,57.74,61,55,11.36,IT,broken clouds,2022-02-04 14:55:32
616,Moussoro,13.6408,16.4901,82.24,8,2,19.62,TD,clear sky,2022-02-04 14:55:32
617,Mazatlan,23.2167,-106.4167,58.91,87,0,4.16,MX,clear sky,2022-02-04 14:54:45
618,Herat,34.5,62.0,49.86,30,0,7.02,AF,clear sky,2022-02-04 14:55:33
619,Chiang Klang,19.2938,100.8617,70.0,67,3,1.23,TH,clear sky,2022-02-04 14:55:33
620,Saratoga Springs,43.0831,-73.7846,22.69,84,100,1.01,US,light snow,2022-02-04 14:54:10
621,Rudnogorsk,57.2639,103.7519,9.84,95,100,5.68,RU,overcast clouds,2022-02-04 14:55:33
622,Taganak,6.0833,118.3,77.14,79,93,7.47,PH,overcast clouds,2022-02-04 14:55:34
623,Diebougou,10.9667,-3.25,94.53,6,7,5.12,BF,clear sky,2022-02-04 14:55:34
624,Calabozo,8.9242,-67.4293,88.95,43,16,9.95,VE,few clouds,2022-02-04 14:55:34
625,Canandaigua,42.8742,-77.288,18.55,89,100,1.01,US,overcast clouds,2022-02-04 14:55:35
626,Parsabad,39.6482,47.9174,59.32,33,75,0.0,IR,broken clouds,2022-02-04 14:55:35
627,Priyutovo,53.9,53.9333,25.21,86,100,13.35,RU,overcast clouds,2022-02-04 14:55:35
628,Sarkand,45.41,79.9186,16.25,72,34,7.05,KZ,scattered clouds,2022-02-04 14:55:35
629,Betafo,-19.8333,46.85,66.36,90,88,6.93,MG,light rain,2022-02-04 14:55:36
630,Mareeba,-17.0,145.4333,73.44,96,100,3.49,AU,light rain,2022-02-04 14:55:36
631,Huarmey,-10.0681,-78.1522,74.59,74,36,9.01,PE,scattered clouds,2022-02-04 14:52:54
632,Leo,11.1,-2.1,93.47,7,6,7.0,BF,clear sky,2022-02-04 14:55:36
633,Douglas,41.3,-96.167,15.73,58,100,1.01,US,overcast clouds,2022-02-04 14:53:28
634,Wanning,18.8003,110.3967,62.42,86,100,10.71,CN,overcast clouds,2022-02-04 14:55:37
635,Camacupa,-12.0167,17.4833,64.83,93,100,4.38,AO,light rain,2022-02-04 14:55:37
636,Uran,18.8769,72.9397,76.96,58,4,5.19,IN,clear sky,2022-02-04 14:55:37
637,Rawson,-43.3002,-65.1023,62.89,82,75,13.8,AR,moderate rain,2022-02-04 14:55:38
638,Manuk Mangkaw,4.8,119.85,80.37,78,100,8.72,PH,overcast clouds,2022-02-04 14:55:38
639,Port Blair,11.6667,92.75,80.64,78,40,2.3,IN,mist,2022-02-04 14:55:38
640,Clermont,49.5,2.4167,50.92,93,100,12.15,FR,overcast clouds,2022-02-04 14:55:39
641,Yenagoa,4.9247,6.2642,96.53,31,50,4.23,NG,scattered clouds,2022-02-04 14:55:39
642,South Venice,27.0531,-82.4243,76.98,84,0,12.66,US,haze,2022-02-04 14:53:49
643,Olinda,-8.0089,-34.8553,87.53,58,40,12.66,BR,scattered clouds,2022-02-04 14:55:39
644,Jega,12.2175,4.3792,89.33,8,2,11.79,NG,clear sky,2022-02-04 14:55:40
645,Phuket,8.0,98.25,88.09,88,20,3.44,TH,few clouds,2022-02-04 14:55:40
646,Itoigawa,37.0333,137.85,32.31,89,100,17.78,JP,overcast clouds,2022-02-04 14:55:40
647,Banjar,-8.19,114.9675,76.91,87,37,2.68,ID,light rain,2022-02-04 14:56:40
648,Kayes,14.0,-11.0,94.53,6,0,8.05,ML,clear sky,2022-02-04 14:56:41
649,Riberalta,-10.9833,-66.1,79.0,89,75,5.75,BO,broken clouds,2022-02-04 14:56:41
650,Caravelas,-17.7125,-39.2481,81.45,70,100,2.26,BR,overcast clouds,2022-02-04 14:56:41
651,Vermillion,42.7794,-96.9292,21.87,53,92,18.12,US,overcast clouds,2022-02-04 14:56:42
652,Oktyabrskiy,54.4815,53.471,27.1,86,100,10.25,RU,overcast clouds,2022-02-04 14:56:42
653,Charlottesville,38.0293,-78.4767,63.05,95,100,8.01,US,overcast clouds,2022-02-04 14:56:42
654,Bombay,19.0144,72.8479,76.98,47,3,4.61,IN,smoke,2022-02-04 14:56:09
655,Marawi,7.9986,124.2928,68.65,90,100,3.09,PH,overcast clouds,2022-02-04 14:56:43
656,Balkanabat,39.5108,54.3671,59.34,31,74,4.14,TM,broken clouds,2022-02-04 14:56:43
657,San Cristobal,7.7669,-72.225,68.18,55,38,0.96,VE,scattered clouds,2022-02-04 14:56:43
658,Hohhot,40.8106,111.6522,10.69,61,0,8.95,CN,clear sky,2022-02-04 14:52:11
659,Satipo,-11.2522,-74.6386,80.65,66,90,3.09,PE,overcast clouds,2022-02-04 14:56:44
660,Sharjah,25.3573,55.4033,75.36,42,0,6.91,AE,clear sky,2022-02-04 14:53:10
661,Bardiyah,31.7561,25.0865,55.02,59,59,19.44,LY,broken clouds,2022-02-04 14:56:44
662,Oussouye,12.485,-16.5469,96.98,13,0,2.06,SN,clear sky,2022-02-04 14:56:44
663,Kalol,22.6,73.45,72.84,17,0,3.89,IN,clear sky,2022-02-04 14:56:45
664,Fuyang,32.9,115.8167,36.16,59,3,7.54,CN,clear sky,2022-02-04 14:56:45
665,Duartina,-22.4144,-49.4039,79.95,88,100,5.79,BR,overcast clouds,2022-02-04 14:56:45
666,Sainte-Claire,46.6006,-70.8649,8.17,85,100,4.0,CA,overcast clouds,2022-02-04 14:56:45
667,Kuito,-12.3833,16.9333,60.58,96,100,3.04,AO,moderate rain,2022-02-04 14:56:46
668,Skegness,53.1436,0.3363,45.05,73,100,23.04,GB,overcast clouds,2022-02-04 14:56:46
669,Warri,5.5167,5.75,99.21,26,33,0.49,NG,scattered clouds,2022-02-04 14:56:46
670,Namatanai,-3.6667,152.4333,79.75,80,100,7.4,PG,overcast clouds,2022-02-04 14:52:57
671,Ohara,35.25,140.3833,44.46,89,26,12.1,JP,scattered clouds,2022-02-04 14:56:47
672,Kenai,60.5544,-151.2583,19.02,92,100,0.0,US,overcast clouds,2022-02-04 14:56:47
673,Rabak,13.1809,32.74,85.53,11,38,19.48,SD,scattered clouds,2022-02-04 14:56:47
674,Hope Mills,34.9704,-78.9453,70.38,84,75,5.01,US,broken clouds,2022-02-04 14:56:48
675,Verkhovazhye,60.7472,42.0465,-4.34,100,57,0.72,RU,broken clouds,2022-02-04 14:56:48
676,Amarante Do Maranhao,-5.5667,-46.7422,85.69,65,78,1.54,BR,broken clouds,2022-02-04 14:54:10
677,Aguimes,27.9054,-15.4461,70.66,60,0,11.5,ES,clear sky,2022-02-04 14:56:48
678,Lebu,-37.6167,-73.65,64.36,78,15,14.32,CL,few clouds,2022-02-04 14:56:49
679,Vanimo,-2.6741,141.3028,77.27,86,80,3.15,PG,broken clouds,2022-02-04 14:56:49
680,Betong,5.7743,101.0723,70.57,94,100,2.91,TH,overcast clouds,2022-02-04 14:56:49
681,Novopetrovskoye,55.9928,36.4719,23.92,98,99,3.0,RU,snow,2022-02-04 14:56:49
682,Avera,33.194,-82.5271,64.27,94,100,10.58,US,moderate rain,2022-02-04 14:56:50
683,Umm Kaddadah,13.6017,26.6876,77.92,11,3,21.0,SD,clear sky,2022-02-04 14:56:50
684,Lillesand,58.2488,8.3778,37.44,81,40,8.05,NO,scattered clouds,2022-02-04 14:56:50
685,Canto Do Buriti,-8.11,-42.9444,92.66,39,100,5.82,BR,overcast clouds,2022-02-04 14:56:51
686,Chincha Alta,-13.4099,-76.1323,70.75,70,84,6.08,PE,broken clouds,2022-02-04 14:56:51
687,Katobu,-4.9408,122.5276,75.7,91,82,2.95,ID,broken clouds,2022-02-04 14:56:51
688,Kholodnyy,62.7167,147.95,-21.24,84,94,4.65,RU,overcast clouds,2022-02-04 14:56:51
689,Cabanas,22.9758,-82.9219,77.56,70,9,7.47,CU,clear sky,2022-02-04 14:56:52
690,Sorland,67.667,12.6934,31.86,94,100,25.5,NO,snow,2022-02-04 14:56:52
691,Grand Gaube,-20.0064,57.6608,81.0,83,100,7.0,MU,overcast clouds,2022-02-04 14:56:52
692,Omboue,-1.5746,9.2618,82.8,70,62,10.27,GA,light rain,2022-02-04 14:53:41
693,Mayumba,-3.432,10.6554,78.78,78,94,6.6,GA,overcast clouds,2022-02-04 14:56:53
694,Alugan,12.2188,125.4808,75.36,89,100,8.68,PH,overcast clouds,2022-02-04 14:57:53
695,Jumla,29.2747,82.1838,26.8,95,99,3.62,NP,light snow,2022-02-04 14:57:54
696,Mugur-Aksy,50.35,90.5,-10.89,84,17,5.97,RU,few clouds,2022-02-04 14:57:54
697,Evensk,61.95,159.2333,13.28,44,77,20.96,RU,broken clouds,2022-02-04 14:57:54
698,Pelym,61.0108,61.9978,6.93,98,100,1.99,RU,overcast clouds,2022-02-04 14:57:54
699,Najran,17.4924,44.1277,86.65,24,60,6.06,SA,broken clouds,2022-02-04 14:57:55
