City_ID,City,Country,Date,Lat,Lng,Max Temp,Humidity,Cloudiness,Wind Speed
0,Katsuura,JP,2022-01-29 00:19:16,35.1333,140.3,45.1,70,100,7.85
1,Port Elizabeth,ZA,2022-01-29 00:17:22,-33.918,25.5701,66.09,94,75,12.66
2,Hongjiang,CN,2022-01-29 00:19:16,27.11,109.9956,34.07,98,100,3.62
3,Tocopilla,CL,2022-01-29 00:19:16,-22.092,-70.1979,67.53,74,23,4.43
4,Durban,ZA,2022-01-29 00:19:17,-29.8579,31.0292,70.92,93,98,5.01
5,Albany,US,2022-01-29 00:17:42,42.6001,-73.9662,25.45,78,100,4.0
6,Jamestown,US,2022-01-29 00:19:17,42.097,-79.2353,15.08,51,100,9.22
7,Upernavik,GL,2022-01-29 00:15:08,72.7868,-56.1549,4.06,68,100,6.87
8,Atuona,PF,2022-01-29 00:19:17,-9.8,-139.0333,77.76,72,8,13.53
9,Vilhena,BR,2022-01-29 00:15:54,-12.7406,-60.1458,69.69,97,94,0.94
10,Punta Arenas,CL,2022-01-29 00:15:48,-53.15,-70.9167,68.11,22,0,8.05
11,Masingbi,SL,2022-01-29 00:19:18,8.7833,-11.95,73.67,86,41,2.71
12,Maningrida,AU,2022-01-29 00:19:18,-12.0667,134.2667,82.98,79,100,11.88
13,Byron Bay,AU,2022-01-29 00:19:19,-28.65,153.6167,82.35,73,62,8.61
14,Salalah,OM,2022-01-29 00:14:26,17.0151,54.0924,75.29,38,0,14.97
15,Birjand,IR,2022-01-29 00:19:19,32.8663,59.2211,25.27,54,0,4.61
16,Bengkulu,ID,2022-01-29 00:19:19,-3.8004,102.2655,76.14,86,100,3.49
17,Mataura,NZ,2022-01-29 00:16:17,-46.1927,168.8643,75.13,29,97,5.79
18,Barrow,US,2022-01-29 00:19:20,71.2906,-156.7887,-5.78,71,100,16.11
19,Cap Malheureux,MU,2022-01-29 00:19:20,-19.9842,57.6142,77.49,82,4,1.99
20,Nador,MA,2022-01-29 00:19:20,35.174,-2.9287,59.25,77,40,4.61
21,Honiara,SB,2022-01-29 00:19:21,-9.4333,159.95,76.26,94,100,2.33
22,Clyde River,CA,2022-01-29 00:19:21,70.4692,-68.5914,-9.17,77,100,37.98
23,Hermanus,ZA,2022-01-29 00:19:21,-34.4187,19.2345,59.81,77,1,11.74
24,Ushuaia,AR,2022-01-29 00:19:22,-54.8,-68.3,56.86,67,75,6.91
25,Rikitea,PF,2022-01-29 00:19:22,-23.1203,-134.9692,78.26,69,100,14.18
26,Georgetown,MY,2022-01-29 00:17:08,5.4112,100.3354,79.9,91,20,3.44
27,Bredasdorp,ZA,2022-01-29 00:19:22,-34.5322,20.0403,59.29,82,76,4.61
28,Hobart,AU,2022-01-29 00:19:23,-42.8794,147.3294,67.26,72,75,12.66
29,Port Hardy,CA,2022-01-29 00:16:01,50.6996,-127.4199,46.76,76,75,4.61
30,Coahuayana,MX,2022-01-29 00:19:23,18.7333,-103.6833,83.68,59,21,4.97
31,Chokurdakh,RU,2022-01-29 00:19:23,70.6333,147.9167,-30.03,96,95,1.86
32,New Norfolk,AU,2022-01-29 00:17:34,-42.7826,147.0587,66.9,57,98,1.99
33,Vaini,TO,2022-01-29 00:19:24,-21.2,-175.2,82.56,79,98,18.45
34,Sao Filipe,CV,2022-01-29 00:19:24,14.8961,-24.4956,71.67,70,96,10.02
35,Riohacha,CO,2022-01-29 00:19:24,11.5444,-72.9072,78.91,78,0,9.22
36,Busselton,AU,2022-01-29 00:17:28,-33.65,115.3333,78.04,50,39,9.15
37,Bluff,NZ,2022-01-29 00:19:25,-46.6,168.3333,60.96,64,93,6.31
38,Butaritari,KI,2022-01-29 00:19:25,3.0707,172.7902,81.82,79,55,16.42
39,Englewood,US,2022-01-29 00:19:26,39.6478,-104.9878,45.45,40,20,11.5
40,Saskylakh,RU,2022-01-29 00:19:26,71.9167,114.0833,-1.75,92,100,5.57
41,Nanortalik,GL,2022-01-29 00:19:26,60.1432,-45.2371,26.15,90,100,12.17
42,Pacific Grove,US,2022-01-29 00:19:27,36.6177,-121.9166,71.55,37,0,1.01
43,Hun,LY,2022-01-29 00:20:27,29.1268,15.9477,44.46,63,1,1.01
44,Severo-Kurilsk,RU,2022-01-29 00:20:27,50.6789,156.125,23.63,74,100,28.27
45,Port Alfred,ZA,2022-01-29 00:20:28,-33.5906,26.891,65.79,81,22,7.96
46,Ilo,PE,2022-01-29 00:20:28,-17.6394,-71.3375,69.03,77,85,3.27
47,Weston,US,2022-01-29 00:19:02,26.1004,-80.3998,71.02,70,0,7.0
48,Makakilo City,US,2022-01-29 00:20:28,21.3469,-158.0858,81.61,57,0,14.97
49,Ponta Do Sol,PT,2022-01-29 00:20:29,32.6667,-17.1,61.72,64,78,6.11
50,Tiksi,RU,2022-01-29 00:20:29,71.6872,128.8694,-8.5,99,89,7.9
51,Tuktoyaktuk,CA,2022-01-29 00:20:29,69.4541,-133.0374,-18.4,76,40,17.27
52,Carnarvon,AU,2022-01-29 00:20:30,-24.8667,113.6333,77.07,83,40,13.8
53,Upington,ZA,2022-01-29 00:20:30,-28.4478,21.2561,77.38,23,0,3.44
54,Taltal,CL,2022-01-29 00:20:30,-25.4,-70.4833,66.79,78,23,5.99
55,Gaya,IN,2022-01-29 00:19:28,24.7833,85.0,44.51,93,0,0.0
56,Chapleau,CA,2022-01-29 00:20:31,47.8405,-83.4034,-2.11,84,75,3.44
57,Dawlatabad,AF,2022-01-29 00:20:31,36.4141,64.9053,42.4,91,100,6.87
58,Castro,BR,2022-01-29 00:20:31,-24.7911,-50.0119,60.19,99,100,9.01
59,Houma,US,2022-01-29 00:16:24,29.5958,-90.7195,50.0,39,0,10.36
60,Esmeraldas,BR,2022-01-29 00:20:32,-19.7625,-44.3139,79.66,82,84,0.74
61,Cidreira,BR,2022-01-29 00:20:32,-30.1811,-50.2056,70.47,69,53,13.06
62,Hilo,US,2022-01-29 00:17:21,19.7297,-155.09,78.24,81,15,4.0
63,Necochea,AR,2022-01-29 00:20:32,-38.5473,-58.7368,71.04,72,0,10.69
64,Kapaa,US,2022-01-29 00:20:33,22.0752,-159.319,80.47,76,0,1.99
65,Buncrana,IE,2022-01-29 00:20:33,55.1333,-7.45,52.14,82,100,22.21
66,Edwardsville,US,2022-01-29 00:20:33,38.8114,-89.9532,23.18,57,0,8.99
67,Ayolas,PY,2022-01-29 00:20:34,-27.4,-56.9,78.8,28,0,8.88
68,Cannes,FR,2022-01-29 00:20:55,43.55,7.0167,54.19,60,0,3.44
69,Dikson,RU,2022-01-29 00:16:58,73.5069,80.5464,3.54,94,100,18.16
70,Kholtoson,RU,2022-01-29 00:20:55,50.2981,103.3097,-7.76,98,99,2.44
71,Klyuchi,RU,2022-01-29 00:20:56,52.2667,79.1667,-2.2,92,91,7.18
72,Huarmey,PE,2022-01-29 00:17:40,-10.0681,-78.1522,70.83,82,100,7.07
73,Ciro Marina,IT,2022-01-29 00:20:56,39.3732,17.126,42.85,76,100,25.55
74,Lagoa,PT,2022-01-29 00:20:56,39.05,-27.9833,57.87,59,62,11.48
75,Fairbanks,US,2022-01-29 00:20:03,64.8378,-147.7164,8.56,47,75,12.66
76,Bethel,US,2022-01-29 00:20:51,41.3712,-73.414,30.65,87,75,4.61
77,Muros,ES,2022-01-29 00:20:57,42.7762,-9.0603,45.1,71,0,7.23
78,Cape Town,ZA,2022-01-29 00:20:57,-33.9258,18.4232,66.61,66,0,3.0
79,Qianguo,CN,2022-01-29 00:20:58,45.1171,124.8568,-3.42,85,7,7.54
80,Biak,ID,2022-01-29 00:20:58,-0.9131,122.8766,78.39,79,100,2.46
81,Mahebourg,MU,2022-01-29 00:20:58,-20.4081,57.7,77.29,88,40,0.0
82,Dali,CN,2022-01-29 00:20:58,25.7,100.1833,35.37,89,3,3.33
83,Souillac,MU,2022-01-29 00:20:59,-20.5167,57.5167,77.38,88,40,0.0
84,Rawson,AR,2022-01-29 00:20:52,-43.3002,-65.1023,68.88,74,23,14.74
85,Constitucion,CL,2022-01-29 00:16:23,-35.3333,-72.4167,58.91,89,0,7.07
86,Kumluca,TR,2022-01-29 00:20:59,36.3703,30.2869,37.67,71,17,5.59
87,San Cristobal,VE,2022-01-29 00:21:00,7.7669,-72.225,73.58,84,57,3.42
88,Grandview,US,2022-01-29 00:17:50,38.8858,-94.533,27.75,39,0,4.61
89,Yellowknife,CA,2022-01-29 00:21:00,62.456,-114.3525,-1.59,87,40,9.22
90,Trairi,BR,2022-01-29 00:22:00,-3.2778,-39.2689,72.45,88,100,5.03
91,Lorengau,PG,2022-01-29 00:22:01,-2.0226,147.2712,81.77,81,98,5.23
92,Seminole,US,2022-01-29 00:22:01,28.7086,-81.2081,63.0,76,75,1.99
93,Skibbereen,IE,2022-01-29 00:22:01,51.55,-9.2667,51.6,93,100,20.69
94,Mar Del Plata,AR,2022-01-29 00:22:02,-38.0023,-57.5575,69.87,75,0,21.99
95,Shenjiamen,CN,2022-01-29 00:18:44,29.9576,122.298,42.75,83,100,15.82
96,Najran,SA,2022-01-29 00:22:02,17.4924,44.1277,52.45,28,15,3.04
97,Turukhansk,RU,2022-01-29 00:22:02,65.8167,87.9833,-0.4,95,100,11.63
98,Dubti,ET,2022-01-29 00:22:03,11.7361,41.0853,77.09,57,2,7.29
99,Sitka,US,2022-01-29 00:22:03,57.0531,-135.33,42.69,81,100,11.5
100,Cayenne,GF,2022-01-29 00:18:59,4.9333,-52.3333,75.09,90,100,4.61
101,Coihaique,CL,2022-01-29 00:18:31,-45.5752,-72.0662,75.81,22,0,6.91
102,Takoradi,GH,2022-01-29 00:22:04,4.8845,-1.7554,79.34,83,67,4.88
103,Imbituba,BR,2022-01-29 00:17:46,-28.24,-48.6703,70.83,80,100,6.17
104,Buraydah,SA,2022-01-29 00:22:04,26.326,43.975,50.45,36,95,8.88
105,Mogwase,ZA,2022-01-29 00:22:04,-25.185,27.2665,65.7,86,44,5.41
106,Guerrero Negro,MX,2022-01-29 00:18:49,27.9769,-114.0611,72.32,26,23,6.44
107,Ossora,RU,2022-01-29 00:22:05,59.2353,163.0719,33.51,85,100,17.09
108,Rach Gia,VN,2022-01-29 00:22:05,10.0167,105.0833,73.35,84,74,7.54
109,San Ramon,US,2022-01-29 00:19:00,37.7799,-121.978,66.58,52,0,3.0
110,Chuy,UY,2022-01-29 00:18:53,-33.6971,-53.4616,64.67,72,38,6.67
111,Dalnerechensk,RU,2022-01-29 00:22:05,45.9339,133.7225,-2.92,94,85,6.49
112,Luangwa,ZM,2022-01-29 00:22:06,-15.6167,30.4167,71.6,98,100,0.94
113,Faya,SA,2022-01-29 00:22:06,18.3851,42.4509,52.32,91,81,4.61
114,Kodiak,US,2022-01-29 00:22:00,57.79,-152.4072,26.11,74,100,14.97
115,Leningradskiy,RU,2022-01-29 00:22:06,69.3833,178.4167,-11.69,94,57,2.64
116,Ustyuzhna,RU,2022-01-29 00:22:07,58.8394,36.4321,21.42,96,100,4.63
117,Yulara,AU,2022-01-29 00:22:07,-25.2406,130.9889,84.04,45,61,17.27
118,Cherskiy,RU,2022-01-29 00:22:07,68.75,161.3,-9.38,93,100,4.36
119,Fortuna,US,2022-01-29 00:18:11,40.5982,-124.1573,62.92,63,0,1.01
120,Qaanaaq,GL,2022-01-29 00:22:08,77.484,-69.3632,-12.86,59,22,8.03
121,Kismayo,SO,2022-01-29 00:22:08,-0.3582,42.5454,77.27,80,82,15.12
122,Puri,IN,2022-01-29 00:22:08,19.8,85.85,57.72,63,46,9.01
123,Fallon,US,2022-01-29 00:21:15,39.4735,-118.7774,47.43,31,75,5.75
124,Reo,BF,2022-01-29 00:22:09,12.3167,-2.4667,75.07,17,6,11.7
125,Avarua,CK,2022-01-29 00:18:27,-21.2078,-159.775,82.45,74,19,12.66
126,Ribeira Grande,PT,2022-01-29 00:22:09,38.5167,-28.7,58.69,61,78,6.91
127,East London,ZA,2022-01-29 00:22:10,-33.0153,27.9116,67.95,77,47,11.5
128,Nyagan,RU,2022-01-29 00:22:10,62.1406,65.3936,-7.78,99,77,4.41
129,Kaitangata,NZ,2022-01-29 00:22:10,-46.2817,169.8464,63.93,75,93,3.53
130,Sabang,ID,2022-01-29 00:22:11,5.8933,95.3214,81.48,78,33,7.43
131,Manjacaze,MZ,2022-01-29 00:22:11,-24.7117,33.8828,73.83,80,84,4.5
132,Ilheus,BR,2022-01-29 00:21:25,-14.7889,-39.0494,82.22,74,40,12.66
133,Sembakung,ID,2022-01-29 00:22:11,3.8167,117.25,78.73,86,79,1.01
134,Olinda,BR,2022-01-29 00:22:12,-8.0089,-34.8553,78.53,78,20,3.44
135,Matara,LK,2022-01-29 00:22:12,5.9485,80.5353,73.15,92,45,4.12
136,Bardstown,US,2022-01-29 00:22:12,37.8092,-85.4669,25.77,93,100,11.5
137,Saint-Augustin,CA,2022-01-29 00:23:13,51.226,-58.6502,19.38,91,100,6.53
138,Beihai,CN,2022-01-29 00:23:13,21.4833,109.1,64.36,84,76,10.36
139,Husavik,IS,2022-01-29 00:18:46,66.0449,-17.3389,28.31,94,95,27.92
140,Luderitz,NA,2022-01-29 00:23:14,-26.6481,15.1594,68.83,72,3,28.1
141,Boyolangu,ID,2022-01-29 00:18:54,-8.1181,111.8935,77.23,85,99,3.74
142,Narsaq,GL,2022-01-29 00:23:14,60.9167,-46.05,19.62,95,100,5.86
143,Olga,RU,2022-01-29 00:23:14,43.7444,135.2892,9.81,53,12,12.01
144,Tasiilaq,GL,2022-01-29 00:23:15,65.6145,-37.6368,15.96,69,48,6.64
145,Haldia,IN,2022-01-29 00:23:15,22.0605,88.1097,56.57,58,0,7.0
146,Anan,JP,2022-01-29 00:23:15,33.9167,134.65,44.38,60,91,13.78
147,Longyearbyen,SJ,2022-01-29 00:23:15,78.2186,15.6401,4.84,78,0,16.11
148,Nevelsk,RU,2022-01-29 00:23:16,46.6733,141.8633,5.43,68,100,14.7
149,May Pen,JM,2022-01-29 00:23:16,17.9645,-77.2451,79.81,74,42,1.61
150,Isiro,CD,2022-01-29 00:23:16,2.7739,27.616,64.42,42,46,3.47
151,Faanui,PF,2022-01-29 00:23:17,-16.4833,-151.75,81.5,73,9,15.84
152,Malakal,SS,2022-01-29 00:23:17,9.5334,31.6605,72.14,16,0,9.89
153,Flinders,AU,2022-01-29 00:23:17,-34.5833,150.8552,85.05,71,30,5.01
154,Arman,RU,2022-01-29 00:23:18,59.7,150.1667,9.95,77,100,15.1
155,Port Lincoln,AU,2022-01-29 00:23:18,-34.7333,135.8667,67.98,73,90,15.5
156,Iglesias,IT,2022-01-29 00:23:18,39.3114,8.535,45.75,87,75,2.1
157,Ostrovnoy,RU,2022-01-29 00:21:08,68.0531,39.5131,11.41,94,90,9.06
158,Marfino,RU,2022-01-29 00:23:19,55.7028,37.3822,21.45,92,75,6.71
159,Beisfjord,NO,2022-01-29 00:23:19,68.3751,17.5988,19.45,86,48,10.02
160,Saint-Francois,FR,2022-01-29 00:23:19,46.4154,3.9054,32.68,97,100,3.44
161,Orastioara De Sus,RO,2022-01-29 00:23:20,45.7333,23.1667,30.83,96,98,2.08
162,Aldan,RU,2022-01-29 00:23:20,58.6031,125.3894,-10.71,99,100,4.12
163,Itarema,BR,2022-01-29 00:23:20,-2.9248,-39.9167,73.31,84,100,6.6
164,Nizwa,OM,2022-01-29 00:23:21,22.9333,57.5333,63.05,54,0,0.87
165,Tuatapere,NZ,2022-01-29 00:23:21,-46.1333,167.6833,72.82,40,95,3.65
166,Damaturu,NG,2022-01-29 00:23:21,11.747,11.9608,60.93,29,5,11.16
167,Roald,NO,2022-01-29 00:23:21,62.5833,6.1333,44.74,93,75,18.41
168,La Ronge,CA,2022-01-29 00:23:22,55.1001,-105.2842,12.45,79,100,5.75
169,Curvelo,BR,2022-01-29 00:23:22,-18.7564,-44.4308,75.97,67,88,1.72
170,Hithadhoo,MV,2022-01-29 00:23:22,-0.6,73.0833,80.29,66,53,7.94
171,Balaghat,IN,2022-01-29 00:23:23,21.8,80.1833,50.83,44,1,5.32
172,Airai,TL,2022-01-29 00:23:23,-8.9266,125.4092,66.58,77,100,4.27
173,Thompson,CA,2022-01-29 00:23:23,55.7435,-97.8558,-5.64,71,100,2.3
174,Avera,US,2022-01-29 00:23:24,33.194,-82.5271,45.72,54,100,15.1
175,Nome,US,2022-01-29 00:21:25,64.5011,-165.4064,0.1,65,0,3.44
176,Tel Aviv-Yafo,IL,2022-01-29 00:23:24,32.0805,34.7805,49.69,94,75,10.36
177,Belyy Yar,RU,2022-01-29 00:23:24,53.6039,91.3903,-7.71,68,75,0.0
178,Godda,IN,2022-01-29 00:23:25,24.8333,87.2167,51.48,71,3,3.96
179,Dabou,CI,2022-01-29 00:23:25,5.3256,-4.3769,80.4,84,69,5.91
180,Los Llanos De Aridane,ES,2022-01-29 00:23:25,28.6585,-17.9182,55.15,73,0,8.01
181,Lebu,CL,2022-01-29 00:18:45,-37.6167,-73.65,60.85,87,1,4.94
182,Langxiang,CN,2022-01-29 00:23:26,46.95,128.8833,-3.37,94,94,4.05
183,Roebourne,AU,2022-01-29 00:23:26,-20.7833,117.1333,82.08,61,49,12.75
184,Khalkhal,IR,2022-01-29 00:24:26,37.6189,48.5258,15.06,91,62,1.79
185,Lompoc,US,2022-01-29 00:21:07,34.6391,-120.4579,72.09,41,0,10.36
186,Nikolskoye,RU,2022-01-29 00:24:27,59.7035,30.7861,26.49,95,100,7.92
187,Santa Maria,BR,2022-01-29 00:24:27,-29.6842,-53.8069,69.1,78,20,10.36
188,Cabo San Lucas,MX,2022-01-29 00:20:11,22.8909,-109.9124,76.6,50,0,1.01
189,Zhangye,CN,2022-01-29 00:24:27,38.9342,100.4517,20.34,33,0,5.61
190,Puerto Ayora,EC,2022-01-29 00:24:28,-0.7393,-90.3518,74.25,82,63,8.25
191,Geraldton,AU,2022-01-29 00:24:28,-28.7667,114.6,93.61,33,0,14.97
192,Codrington,AU,2022-01-29 00:24:28,-38.2667,141.9667,64.53,75,97,12.66
193,Haines Junction,CA,2022-01-29 00:23:53,60.7522,-137.5108,35.55,64,100,8.05
194,Guangyuan,CN,2022-01-29 00:24:29,32.442,105.823,34.52,84,91,2.35
195,Bonfim,BR,2022-01-29 00:24:29,3.0833,-59.95,85.08,47,96,8.57
196,Vestmannaeyjar,IS,2022-01-29 00:24:29,63.4427,-20.2734,30.04,81,100,24.0
197,Noumea,NC,2022-01-29 00:24:30,-22.2763,166.4572,84.18,99,100,11.25
198,Alofi,NU,2022-01-29 00:24:30,-19.0595,-169.9187,85.89,70,72,11.5
199,Maridi,SS,2022-01-29 00:24:30,4.9158,29.4742,70.86,29,78,6.22
200,Strathroy,CA,2022-01-29 00:24:31,42.9551,-81.6223,16.39,61,93,6.35
201,Bibai,JP,2022-01-29 00:24:31,43.3247,141.8586,23.29,83,100,10.63
202,Fushun,CN,2022-01-29 00:24:31,41.8558,123.9233,2.91,72,0,3.13
203,Hamilton,US,2022-01-29 00:24:32,39.1834,-84.5333,20.39,86,100,1.01
204,Zalantun,CN,2022-01-29 00:24:32,48.0,122.7167,-3.05,81,27,7.63
205,Quang Ngai,VN,2022-01-29 00:24:32,15.1167,108.8,69.46,89,47,5.84
206,Pedasi,PA,2022-01-29 00:24:32,7.5333,-80.0333,75.07,77,28,8.14
207,Ugoofaaru,MV,2022-01-29 00:24:33,5.6667,73.0,81.86,69,28,16.13
208,Kargat,RU,2022-01-29 00:24:33,55.1956,80.2811,6.39,96,97,5.01
209,The Valley,AI,2022-01-29 00:24:33,18.217,-63.0578,77.83,68,1,13.96
210,Anadyr,RU,2022-01-29 00:24:34,64.75,177.4833,-3.5,77,20,4.47
211,Staryy Nadym,RU,2022-01-29 00:24:34,65.6118,72.6842,-15.86,100,55,6.22
212,Bubaque,GW,2022-01-29 00:24:34,11.2833,-15.8333,78.33,65,24,16.8
213,Chaihe,CN,2022-01-29 00:24:34,44.7667,129.7,0.23,88,39,8.77
214,Northam,GB,2022-01-29 00:24:35,51.0333,-4.2167,51.39,98,99,18.21
215,Maniitsoq,GL,2022-01-29 00:24:35,65.4167,-52.9,20.66,82,100,33.58
216,Plettenberg Bay,ZA,2022-01-29 00:24:35,-34.0527,23.3716,62.19,78,33,1.83
217,Posse,BR,2022-01-29 00:24:36,-14.0931,-46.3694,67.69,86,97,2.57
218,Gisborne,NZ,2022-01-29 00:24:36,-38.6533,178.0042,70.95,56,69,7.9
219,Kavaratti,IN,2022-01-29 00:24:36,10.5669,72.642,80.6,71,18,9.4
220,Huercal-Overa,ES,2022-01-29 00:24:37,37.389,-1.9454,47.07,60,8,5.08
221,Provideniya,RU,2022-01-29 00:24:37,64.3833,-173.3,0.72,97,20,2.64
222,Cotonou,BJ,2022-01-29 00:24:37,6.3654,2.4183,80.58,89,20,2.3
223,Canutama,BR,2022-01-29 00:24:38,-6.5339,-64.3831,73.92,99,100,2.75
224,Margate,GB,2022-01-29 00:24:38,51.3813,1.3862,48.96,85,100,5.99
225,Kobryn,BY,2022-01-29 00:24:38,52.2138,24.3564,30.36,79,100,19.3
226,Meulaboh,ID,2022-01-29 00:25:39,4.1363,96.1285,77.7,88,63,2.51
227,Beringovskiy,RU,2022-01-29 00:25:39,63.05,179.3167,-1.23,97,97,2.3
228,Ucluelet,CA,2022-01-29 00:25:39,48.9329,-125.5528,46.09,87,79,10.0
229,San Jose Del Guaviare,CO,2022-01-29 00:25:40,2.5729,-72.6459,81.0,34,95,3.06
230,Ilulissat,GL,2022-01-29 00:25:21,69.2167,-51.1,19.42,53,100,23.02
231,Ust-Kuyga,RU,2022-01-29 00:25:40,70.0167,135.6,-24.74,100,96,1.28
232,Douglas,US,2022-01-29 00:22:14,41.3,-96.167,31.89,54,0,1.99
233,Dharchula,IN,2022-01-29 00:25:40,29.85,80.5333,41.83,35,0,8.1
234,Victoria,HK,2022-01-29 00:22:50,22.2855,114.1577,65.32,90,83,8.01
235,Edson,CA,2022-01-29 00:25:12,53.5835,-116.4356,42.91,31,0,10.36
236,Bacolod,PH,2022-01-29 00:25:27,10.6667,122.95,80.69,78,78,1.59
237,Porto Santo,PT,2022-01-29 00:25:41,33.072,-16.3415,60.3,72,40,8.05
238,Lodja,CD,2022-01-29 00:25:41,-3.4833,23.4333,71.2,96,100,1.03
239,Pevek,RU,2022-01-29 00:25:01,69.7008,170.3133,-12.44,98,57,1.97
240,Isangel,VU,2022-01-29 00:25:42,-19.55,169.2667,79.43,87,95,18.32
241,Buenos Aires,AR,2022-01-29 00:23:19,-34.6132,-58.3772,72.97,57,0,9.22
242,Taoudenni,ML,2022-01-29 00:25:42,22.6783,-3.9836,71.85,11,97,13.51
243,Puerto Colombia,CO,2022-01-29 00:25:42,10.9878,-74.9547,78.89,85,50,23.0
244,Kongwa,TZ,2022-01-29 00:25:43,-6.2,36.4167,66.06,97,96,2.57
245,Caravelas,BR,2022-01-29 00:25:43,-17.7125,-39.2481,77.67,81,20,8.61
246,Wloclawek,PL,2022-01-29 00:25:43,52.6482,19.0678,29.41,80,43,11.16
247,Inta,RU,2022-01-29 00:25:44,66.0317,60.1659,-2.72,98,99,7.31
248,Ponta Delgada,PT,2022-01-29 00:25:44,37.7333,-25.6667,58.5,82,20,8.05
249,Lata,PT,2022-01-29 00:25:44,40.1629,-8.3327,46.04,59,0,5.32
250,Shirokiy,RU,2022-01-29 00:25:45,49.758,129.523,-22.9,96,15,5.79
251,Saint-Philippe,RE,2022-01-29 00:25:45,-21.3585,55.7679,74.79,75,7,4.97
252,Burgos,ES,2022-01-29 00:25:45,42.3394,-3.7079,30.61,80,1,1.14
253,Paamiut,GL,2022-01-29 00:25:46,61.994,-49.6678,23.59,88,100,24.7
254,Khovu-Aksy,RU,2022-01-29 00:22:07,51.1333,93.6,-16.92,94,25,3.8
255,Tashtyp,RU,2022-01-29 00:25:46,52.7939,89.8983,-10.14,97,69,2.26
256,Wangqing,CN,2022-01-29 00:25:46,43.3218,129.7634,6.31,78,77,7.27
257,Zverinogolovskoye,RU,2022-01-29 00:25:47,54.4586,64.8542,4.51,92,100,5.46
258,Te Anau,NZ,2022-01-29 00:25:47,-45.4167,167.7167,69.53,42,56,6.26
259,Arraial Do Cabo,BR,2022-01-29 00:25:47,-22.9661,-42.0278,75.16,94,20,3.44
260,Kruisfontein,ZA,2022-01-29 00:25:48,-34.0033,24.7314,63.88,83,41,3.94
261,Simcoe,CA,2022-01-29 00:25:48,42.8334,-80.2997,7.56,67,14,9.57
262,Gornyak,RU,2022-01-29 00:25:48,50.9942,81.4661,-8.97,95,15,4.25
263,Port Blair,IN,2022-01-29 00:25:49,11.6667,92.75,80.64,78,75,4.61
264,Manggar,ID,2022-01-29 00:25:49,-2.8833,108.2667,79.48,79,100,6.15
265,Ostersund,SE,2022-01-29 00:25:49,63.1792,14.6357,29.61,80,100,17.27
266,Alihe,CN,2022-01-29 00:25:50,50.5667,123.7167,0.64,84,81,4.9
267,The Pas,CA,2022-01-29 00:25:50,53.8251,-101.2541,3.22,72,100,10.36
268,Douentza,ML,2022-01-29 00:25:50,14.9951,-2.9517,71.06,17,1,5.32
269,Sao Joao Da Barra,BR,2022-01-29 00:25:50,-21.6403,-41.0511,77.11,88,38,19.55
270,Bambous Virieux,MU,2022-01-29 00:25:51,-20.3428,57.7575,77.25,88,40,0.0
271,Kunyang,CN,2022-01-29 00:25:51,27.6658,120.5658,44.35,83,100,5.3
272,Amudat,UG,2022-01-29 00:25:51,1.95,34.95,73.31,33,84,3.69
273,Nemuro,JP,2022-01-29 00:25:52,43.3236,145.575,16.23,78,90,10.16
274,Aksarka,RU,2022-01-29 00:26:52,66.5606,67.7975,-4.25,97,98,7.87
275,Tautira,PF,2022-01-29 00:25:47,-17.7333,-149.15,87.82,75,24,16.33
276,Asfi,MA,2022-01-29 00:26:52,32.2994,-9.2372,59.07,67,57,4.18
277,Juneau,US,2022-01-29 00:24:46,58.3019,-134.4197,42.8,92,100,10.0
278,La Paz,BO,2022-01-29 00:26:53,-16.5,-68.15,51.78,87,75,4.61
279,Grindavik,IS,2022-01-29 00:26:53,63.8424,-22.4338,25.27,58,75,20.71
280,Khatanga,RU,2022-01-29 00:26:53,71.9667,102.5,-2.54,88,100,4.97
281,Tancheng,CN,2022-01-29 00:26:54,27.4375,115.4976,38.64,90,100,4.12
282,Nsukka,NG,2022-01-29 00:26:54,6.8561,7.3927,73.87,21,92,5.82
283,San Patricio,US,2022-01-29 00:26:54,28.017,-97.5169,56.53,41,50,8.21
284,Thinadhoo,MV,2022-01-29 00:26:54,0.5333,72.9333,80.28,65,21,9.62
285,Petropavlovsk-Kamchatskiy,RU,2022-01-29 00:26:55,53.0452,158.6483,25.39,93,100,6.71
286,Hami,CN,2022-01-29 00:26:55,42.8,93.45,20.41,54,0,4.76
287,Macusani,PE,2022-01-29 00:26:56,-14.0833,-70.4333,40.41,93,98,2.73
288,Nefteyugansk,RU,2022-01-29 00:26:56,61.0998,72.6035,-7.35,100,84,5.23
289,Hailey,US,2022-01-29 00:26:56,43.5196,-114.3153,26.46,50,0,0.0
290,Monster,NL,2022-01-29 00:26:56,52.0258,4.175,46.98,81,100,11.99
291,Puerto Tejada,CO,2022-01-29 00:26:57,3.2311,-76.4167,75.15,90,94,0.83
292,Hay River,CA,2022-01-29 00:26:57,60.8156,-115.7999,1.38,78,75,9.22
293,Tosagua,EC,2022-01-29 00:26:57,-0.7833,-80.25,77.05,95,98,2.82
294,Muravlenko,RU,2022-01-29 00:26:58,63.7898,74.523,-12.66,100,89,8.79
295,Pangnirtung,CA,2022-01-29 00:26:58,66.1451,-65.7125,-9.17,100,100,1.45
296,Port Augusta,AU,2022-01-29 00:26:58,-32.5,137.7667,86.7,46,0,13.71
297,Conde,BR,2022-01-29 00:26:58,-7.2597,-34.9075,71.06,100,100,12.66
298,Valparaiso,CL,2022-01-29 00:24:36,-33.0393,-71.6273,68.47,59,0,8.05
299,Oistins,BB,2022-01-29 00:23:26,13.0667,-59.5333,75.51,78,20,9.22
300,Ambovombe,MG,2022-01-29 00:26:59,-25.1667,46.0833,69.49,83,0,5.26
301,Padang,ID,2022-01-29 00:26:59,-0.9492,100.3543,75.25,84,92,3.96
302,Saint-Georges,GD,2022-01-29 00:27:00,12.0564,-61.7485,76.68,83,20,6.91
303,Isla Vista,US,2022-01-29 00:27:00,34.4133,-119.861,73.99,26,0,5.75
304,Atotonilco El Alto,MX,2022-01-29 00:27:00,20.55,-102.5167,75.42,25,100,2.86
305,Saint-Jovite,CA,2022-01-29 00:27:00,46.1186,-74.5966,-2.06,84,59,1.14
306,Oum Hadjer,TD,2022-01-29 00:27:01,13.2954,19.6966,64.53,18,9,10.33
307,Karratha,AU,2022-01-29 00:27:01,-20.7377,116.8463,80.89,66,43,11.43
308,Santa Isabel,BR,2022-01-29 00:27:01,-23.3156,-46.2214,69.66,98,100,2.73
309,Yarmouth,US,2022-01-29 00:27:02,41.7057,-70.2286,33.96,84,100,11.01
310,Klaksvik,FO,2022-01-29 00:27:02,62.2266,-6.589,41.92,93,94,16.73
311,Inverell,AU,2022-01-29 00:27:02,-29.7833,151.1167,84.67,57,1,3.0
312,Sibolga,ID,2022-01-29 00:27:02,1.7427,98.7792,75.29,88,87,3.65
313,Abha,SA,2022-01-29 00:27:03,18.2164,42.5053,52.05,87,20,11.5
314,Joshimath,IN,2022-01-29 00:27:03,30.5667,79.5667,37.38,40,0,8.57
315,Hervey Bay,AU,2022-01-29 00:27:03,-25.2986,152.8535,85.03,64,34,10.0
316,Palmas,BR,2022-01-29 00:27:04,-10.2128,-48.3603,73.27,88,40,3.44
317,Srednekolymsk,RU,2022-01-29 00:27:04,67.45,153.6833,-9.54,94,100,2.93
318,Broome,US,2022-01-29 00:27:04,42.2506,-75.833,20.01,76,100,1.99
319,Sabha,LY,2022-01-29 00:27:05,27.0377,14.4283,46.09,42,99,5.08
320,Marathon,US,2022-01-29 00:27:05,44.9,-89.7668,13.24,54,100,5.75
321,Ancud,CL,2022-01-29 00:27:05,-41.8697,-73.8203,69.33,75,0,8.28
322,Baijiantan,CN,2022-01-29 00:28:05,45.6333,85.1833,0.25,93,15,1.28
323,La Trinitaria,MX,2022-01-29 00:28:06,16.1167,-92.05,65.95,56,35,10.0
324,Guanica,PR,2022-01-29 00:28:06,17.9716,-66.908,78.24,78,29,1.99
325,Bulungu,CD,2022-01-29 00:28:06,-4.55,18.6,73.63,76,100,1.72
326,Kurilsk,RU,2022-01-29 00:28:07,45.2333,147.8833,23.76,66,77,10.74
327,Sakakah,SA,2022-01-29 00:28:07,29.9697,40.2064,42.37,58,53,5.28
328,Belyye Berega,RU,2022-01-29 00:28:07,53.2085,34.6641,32.18,98,100,5.37
329,Nishihara,JP,2022-01-29 00:28:08,26.1842,127.7558,64.45,100,100,10.36
330,Abashiri,JP,2022-01-29 00:28:08,44.0213,144.2697,8.89,78,20,5.75
331,Arona,ES,2022-01-29 00:28:09,28.0996,-16.681,59.4,55,20,1.99
332,Popondetta,PG,2022-01-29 00:28:09,-8.7537,148.2534,82.58,74,100,2.44
333,Kloulklubed,PW,2022-01-29 00:27:04,7.0419,134.2556,82.9,79,88,13.78
334,Xichang,CN,2022-01-29 00:28:10,27.8964,102.2634,35.08,91,87,3.56
335,Kaoma,ZM,2022-01-29 00:28:10,-14.7833,24.8,61.03,98,90,4.56
336,Tondano,ID,2022-01-29 00:28:10,1.3038,124.9112,75.29,82,78,2.1
337,Talakan,RU,2022-01-29 00:28:10,50.3167,130.3667,-22.88,99,90,1.95
338,Sola,VU,2022-01-29 00:28:11,-13.8833,167.55,79.92,83,99,22.57
339,Amahai,ID,2022-01-29 00:28:11,-3.3333,128.9167,82.15,73,100,4.81
340,Junin,AR,2022-01-29 00:23:11,-34.5838,-60.9433,66.81,56,0,7.27
341,Port Hawkesbury,CA,2022-01-29 00:28:11,45.6169,-61.3485,33.39,88,75,4.0
342,Morant Bay,JM,2022-01-29 00:28:12,17.8815,-76.4093,80.22,77,50,3.89
343,Buchanan,LR,2022-01-29 00:28:12,5.8808,-10.0467,79.79,82,50,5.3
344,Trelaze,FR,2022-01-29 00:28:12,47.45,-0.4667,43.68,93,100,1.14
345,Vanavara,RU,2022-01-29 00:28:13,60.34,102.2797,-15.5,100,97,3.24
346,Severnyy,RU,2022-01-29 00:28:13,50.677,36.5532,30.24,100,100,6.71
347,Batemans Bay,AU,2022-01-29 00:28:13,-35.7167,150.1833,86.99,67,80,4.83
348,Hienghene,NC,2022-01-29 00:28:14,-20.6833,164.9333,81.99,71,99,16.08
349,Gobabis,NA,2022-01-29 00:28:14,-22.45,18.9667,73.09,56,42,5.68
350,Maragogi,BR,2022-01-29 00:28:14,-9.0122,-35.2225,79.74,76,93,11.54
351,Komsomolskiy,UZ,2022-01-29 00:25:31,40.4272,71.7189,38.12,38,40,6.91
352,Toledo,ES,2022-01-29 00:24:54,39.8333,-4.0,49.08,35,0,6.29
353,Egvekinot,RU,2022-01-29 00:28:15,66.3167,-179.1667,-5.04,88,32,1.81
354,Sambava,MG,2022-01-29 00:28:15,-14.2667,50.1667,73.0,86,50,6.53
355,Boende,CD,2022-01-29 00:28:15,-0.2167,20.8667,78.94,56,97,2.98
356,Uyuni,BO,2022-01-29 00:28:16,-20.4597,-66.825,59.59,51,86,7.96
357,Bilibino,RU,2022-01-29 00:24:17,68.0546,166.4372,-9.9,97,100,4.14
358,Madhipura,IN,2022-01-29 00:28:16,25.9167,86.7833,51.28,66,4,6.78
359,Tezu,IN,2022-01-29 00:28:16,27.9167,96.1667,49.14,48,0,4.76
360,Atikokan,CA,2022-01-29 00:28:17,48.7555,-91.6216,-5.48,100,89,3.0
361,Aykhal,RU,2022-01-29 00:28:17,66.0,111.5,-17.46,100,69,4.97
362,Abnub,EG,2022-01-29 00:28:17,27.2696,31.1511,46.58,52,0,6.58
363,Samarai,PG,2022-01-29 00:28:18,-10.6167,150.6667,83.62,68,94,3.87
364,Greystones,IE,2022-01-29 00:28:18,53.1408,-6.0631,52.95,80,79,18.39
365,Kokopo,PG,2022-01-29 00:28:18,-4.352,152.2633,83.75,69,100,6.62
366,Mweka,CD,2022-01-29 00:28:18,-4.85,21.5667,69.8,93,100,1.68
367,Antalaha,MG,2022-01-29 00:28:19,-14.9003,50.2788,72.7,83,18,5.48
368,Vila Franca Do Campo,PT,2022-01-29 00:28:27,37.7167,-25.4333,58.19,81,51,8.9
369,Bodmin,GB,2022-01-29 00:29:19,50.4715,-4.7243,49.84,100,75,18.41
370,Polis,CY,2022-01-29 00:29:19,35.0367,32.4264,42.62,66,72,3.15
371,Saint George,US,2022-01-29 00:29:20,37.1041,-113.5841,57.67,16,0,3.44
372,Clovis,US,2022-01-29 00:24:53,36.8252,-119.7029,66.65,32,75,4.61
373,Luwuk,ID,2022-01-29 00:29:20,-0.9516,122.7875,80.89,79,100,1.66
374,Torbay,CA,2022-01-29 00:29:21,47.6666,-52.7314,27.57,84,100,9.22
375,Jidong,CN,2022-01-29 00:29:21,45.2167,131.0833,2.62,87,64,10.89
376,Playa Vicente,MX,2022-01-29 00:29:21,17.8333,-95.8167,70.52,89,90,12.3
377,Esperance,AU,2022-01-29 00:25:28,-33.8667,121.9,71.44,60,0,12.84
378,Bathsheba,BB,2022-01-29 00:29:22,13.2167,-59.5167,76.05,86,20,9.22
379,Berlevag,NO,2022-01-29 00:29:22,70.8578,29.0864,29.08,59,100,10.54
380,Krasnyy Chikoy,RU,2022-01-29 00:29:44,50.3643,108.7512,-21.95,100,75,0.89
381,Zhigansk,RU,2022-01-29 00:29:44,66.7697,123.3711,-10.61,97,91,18.43
382,Coquimbo,CL,2022-01-29 00:29:01,-29.9533,-71.3436,64.24,82,23,8.19
383,Kolosovka,RU,2022-01-29 00:29:45,56.4678,73.611,1.26,99,93,4.09
384,Kysyl-Syr,RU,2022-01-29 00:29:45,63.8986,122.7617,-14.89,97,59,7.61
385,Nalut,LY,2022-01-29 00:29:45,30.3333,10.85,43.36,34,6,6.64
386,Mehamn,NO,2022-01-29 00:29:46,71.0357,27.8492,22.91,63,100,3.8
387,Batagay,RU,2022-01-29 00:29:46,67.6333,134.6333,-41.75,99,78,1.3
388,Disna,BY,2022-01-29 00:29:46,55.568,28.1971,27.73,90,100,16.04
389,Kavieng,PG,2022-01-29 00:29:47,-2.5744,150.7967,83.1,74,99,4.72
390,Vardo,NO,2022-01-29 00:29:47,70.3705,31.1107,31.71,58,100,21.3
391,Richards Bay,ZA,2022-01-29 00:29:47,-28.783,32.0377,74.08,83,95,14.25
392,Kutum,SD,2022-01-29 00:29:48,14.2,24.6667,50.29,18,5,10.2
393,Saint Anthony,US,2022-01-29 00:28:39,45.0205,-93.218,13.84,62,40,1.99
394,Eydhafushi,MV,2022-01-29 00:29:48,5.1033,73.0708,81.41,69,60,17.52
395,General Pico,AR,2022-01-29 00:29:48,-35.6566,-63.7568,69.67,61,0,8.55
396,Pisco,PE,2022-01-29 00:27:48,-13.7,-76.2167,69.85,73,20,16.11
397,Kotka,FI,2022-01-29 00:29:24,60.4664,26.9458,27.66,92,41,10.25
398,Korla,CN,2022-01-29 00:29:49,41.7597,86.1469,20.3,67,0,4.9
399,Udachnyy,RU,2022-01-29 00:29:49,66.4167,112.4,-26.59,100,61,3.53
400,Brigantine,US,2022-01-29 00:28:18,39.4101,-74.3646,33.15,89,100,9.22
401,Sungaipenuh,ID,2022-01-29 00:29:50,-2.0833,101.3833,64.04,95,99,3.62
402,Ust-Nera,RU,2022-01-29 00:29:50,64.5667,143.2,-10.71,98,100,0.92
403,Kharabali,RU,2022-01-29 00:29:50,47.4196,47.2568,14.97,97,18,4.85
404,Amapa,BR,2022-01-29 00:29:51,1.0,-52.0,71.11,99,82,3.11
405,Hearst,CA,2022-01-29 00:29:51,49.6835,-83.6665,-3.75,97,89,2.21
406,Half Moon Bay,US,2022-01-29 00:29:51,37.4636,-122.4286,68.58,45,0,3.44
407,Beauchamps,FR,2022-01-29 00:29:52,50.012,1.5176,47.98,90,95,12.28
408,Morondava,MG,2022-01-29 00:29:52,-20.2833,44.2833,79.65,75,15,1.23
409,La Primavera,CO,2022-01-29 00:29:52,5.4906,-70.4092,84.29,33,97,6.51
410,Loandjili,CG,2022-01-29 00:29:52,-4.7561,11.8578,77.11,94,87,3.44
411,Diamantino,BR,2022-01-29 00:29:53,-14.4086,-56.4461,73.47,96,100,4.07
412,Vestmanna,FO,2022-01-29 00:29:53,62.1564,-7.1664,40.12,75,100,19.57
413,Cockburn Town,TC,2022-01-29 00:30:53,21.4612,-71.1419,75.16,73,40,4.61
414,Alexandria,EG,2022-01-29 00:29:18,31.2156,29.9553,54.46,73,53,10.45
415,Yazman,PK,2022-01-29 00:30:54,29.1212,71.7446,55.24,20,0,2.73
416,Oranjemund,NA,2022-01-29 00:30:54,-28.55,16.4333,63.25,87,2,15.03
417,Saldanha,ZA,2022-01-29 00:27:53,-33.0117,17.9442,60.85,82,0,16.96
418,Sur,OM,2022-01-29 00:30:55,22.5667,59.5289,68.61,53,0,3.27
419,Smoky Lake,CA,2022-01-29 00:30:55,54.1169,-112.4686,38.48,47,99,3.44
420,Bougouni,ML,2022-01-29 00:30:55,11.417,-7.479,76.46,17,55,4.18
421,Hammerfest,NO,2022-01-29 00:30:56,70.6634,23.6821,19.85,86,20,1.14
422,Lanzhou,CN,2022-01-29 00:30:56,36.0564,103.7922,7.88,87,56,3.44
423,Port Arthur,CN,2022-01-29 00:30:57,38.8,121.2667,23.22,47,0,8.57
424,Sechura,PE,2022-01-29 00:30:57,-5.5569,-80.8222,74.12,72,100,11.23
425,Kaduqli,SD,2022-01-29 00:30:57,11.0167,29.7167,64.72,13,50,15.52
426,Namatanai,PG,2022-01-29 00:30:58,-3.6667,152.4333,83.71,75,100,4.94
427,Chama,CH,2022-01-29 00:30:58,47.1821,8.4636,35.04,91,40,2.3
428,Baoqing,CN,2022-01-29 00:30:58,46.3317,132.2111,3.88,84,95,9.46
429,Slavuta,UA,2022-01-29 00:30:59,50.3016,26.8651,30.11,88,100,17.81
430,Kalmunai,LK,2022-01-29 00:31:00,7.4167,81.8167,74.66,91,29,6.91
431,Launceston,AU,2022-01-29 00:31:00,-41.45,147.1667,76.15,63,40,5.01
432,Novoagansk,RU,2022-01-29 00:31:01,61.9449,76.6625,-12.5,100,94,5.21
433,Punta Gorda,US,2022-01-29 00:26:52,26.9298,-82.0454,66.24,85,100,3.0
434,Jinchang,CN,2022-01-29 00:31:01,38.4953,102.1739,22.14,31,0,3.33
435,Cedar City,US,2022-01-29 00:31:02,37.6775,-113.0619,40.17,31,0,4.61
436,Henties Bay,NA,2022-01-29 00:31:02,-22.116,14.2845,62.85,82,95,7.92
437,Pingliang,CN,2022-01-29 00:31:02,35.5392,106.6861,17.42,83,100,2.95
438,Jaffna,LK,2022-01-29 00:31:03,9.6685,80.0074,79.36,77,95,16.53
439,Formosa,AR,2022-01-29 00:31:03,-26.1775,-58.1781,78.78,50,0,6.91
440,Aklavik,CA,2022-01-29 00:31:04,68.2191,-135.0107,-16.6,76,20,4.61
441,Portland,US,2022-01-29 00:26:24,45.5234,-122.6762,51.91,56,40,1.01
442,Poso,ID,2022-01-29 00:31:04,-1.3959,120.7524,82.71,69,100,1.16
443,Namibe,AO,2022-01-29 00:31:04,-15.1961,12.1522,71.65,82,100,6.17
444,Mandalgovi,MN,2022-01-29 00:31:05,45.7625,106.2708,4.46,95,100,4.16
445,Deputatskiy,RU,2022-01-29 00:31:05,69.3,139.9,-24.38,99,91,2.06
446,Touros,BR,2022-01-29 00:31:05,-5.1989,-35.4608,76.1,77,100,5.48
447,Santander,ES,2022-01-29 00:31:06,43.4647,-3.8044,43.47,72,6,1.99
448,Altay,CN,2022-01-29 00:31:06,47.8667,88.1167,-0.04,51,0,7.96
449,Varzea Da Palma,BR,2022-01-29 00:31:06,-17.5981,-44.7308,72.73,77,2,2.68
450,Visalia,US,2022-01-29 00:26:34,36.3302,-119.2921,66.63,37,0,4.0
451,Rawlins,US,2022-01-29 00:28:58,41.7911,-107.2387,32.22,34,0,10.36
452,Lonevag,NO,2022-01-29 00:31:07,60.5262,5.4937,46.96,97,100,8.7
453,Tirur,IN,2022-01-29 00:31:07,10.9,75.9167,74.39,79,18,7.52
454,Pangkalanbuun,ID,2022-01-29 00:31:08,-2.6833,111.6167,76.8,92,100,1.14
455,Nakamura,JP,2022-01-29 00:31:08,32.9833,132.9333,47.46,53,99,5.66
456,Gat,IL,2022-01-29 00:31:08,31.61,34.7642,48.4,100,97,6.13
457,Barquisimeto,VE,2022-01-29 00:26:44,10.0739,-69.3228,72.9,75,74,6.46
458,Kapit,MY,2022-01-29 00:32:09,2.0167,112.9333,76.26,92,100,1.01
459,Oltedal,NO,2022-01-29 00:32:09,58.831,6.0466,46.54,96,100,6.64
460,Katima Mulilo,NA,2022-01-29 00:32:09,-17.5,24.2667,63.7,98,100,4.43
461,Saint-Pierre,RE,2022-01-29 00:29:57,-21.3393,55.4781,74.88,69,0,5.75
462,Comodoro Rivadavia,AR,2022-01-29 00:28:37,-45.8667,-67.5,62.46,88,75,9.22
463,San Carlos De Bariloche,AR,2022-01-29 00:32:10,-41.1456,-71.3082,71.35,40,0,18.41
464,Dingle,PH,2022-01-29 00:32:10,10.9995,122.6711,82.09,76,97,3.8
465,Baykit,RU,2022-01-29 00:31:44,61.67,96.37,-12.1,100,100,1.86
466,Sembe,CG,2022-01-29 00:32:11,1.6481,14.5806,70.97,35,86,1.43
467,Butembo,CD,2022-01-29 00:32:11,0.15,29.2833,59.63,66,100,1.61
468,Asosa,ET,2022-01-29 00:32:11,10.0667,34.5333,61.38,44,0,6.38
469,Nahariyya,IL,2022-01-29 00:32:12,33.0059,35.0941,46.98,93,25,1.01
470,Druzhnaya Gorka,RU,2022-01-29 00:32:12,59.2761,30.1425,25.88,94,98,7.94
471,Troitskoye,RU,2022-01-29 00:32:13,52.9821,84.6757,-6.11,100,92,3.74
472,Port Shepstone,ZA,2022-01-29 00:32:13,-30.7414,30.455,70.3,73,40,10.27
473,Pasewalk,DE,2022-01-29 00:32:13,53.5063,13.99,37.42,84,100,11.56
474,Xingcheng,CN,2022-01-29 00:32:14,40.6167,120.7167,21.88,44,0,2.01
475,Sampang,ID,2022-01-29 00:32:14,-7.1872,113.2394,76.95,80,100,7.92
476,Boundiali,CI,2022-01-29 00:32:14,9.5217,-6.4869,73.99,19,10,1.14
477,Ambunti,PG,2022-01-29 00:32:15,-4.2365,142.8448,78.51,83,98,3.27
478,Patin-Ay,PH,2022-01-29 00:32:15,8.5506,125.9372,82.35,75,80,1.19
479,Kindersley,CA,2022-01-29 00:32:16,51.4668,-109.1682,33.58,59,75,9.22
480,Sobolevo,RU,2022-01-29 00:32:16,54.4299,31.8996,32.07,97,100,8.28
481,Barra Do Garcas,BR,2022-01-29 00:32:16,-15.89,-52.2567,75.78,94,0,0.0
482,Ormara,PK,2022-01-29 00:32:17,25.2088,64.6357,67.98,65,0,8.43
483,Marawi,PH,2022-01-29 00:29:52,7.9986,124.2928,70.65,86,18,1.07
484,Smithers,CA,2022-01-29 00:32:18,54.7804,-127.1743,30.52,69,100,4.61
485,Gazanjyk,TM,2022-01-29 00:32:18,39.2446,55.5154,36.45,84,6,5.75
486,Chernyshevskiy,RU,2022-01-29 00:32:18,63.0128,112.4714,-23.82,100,40,3.04
487,Sokoto,NG,2022-01-29 00:32:19,13.0609,5.239,68.22,15,0,17.02
488,Comrie,GB,2022-01-29 00:32:19,56.3791,-3.9949,51.71,88,100,15.03
489,Yinchuan,CN,2022-01-29 00:32:19,38.4681,106.2731,22.86,50,2,1.28
490,San Quintin,MX,2022-01-29 00:32:20,30.4833,-115.95,62.71,47,77,4.81
491,Kupang,ID,2022-01-29 00:31:36,-10.1667,123.5833,82.98,83,75,9.22
492,Carutapera,BR,2022-01-29 00:32:20,-1.195,-46.02,74.84,91,100,11.01
493,Pasighat,IN,2022-01-29 00:32:20,28.0667,95.3333,48.99,56,0,4.07
494,Marquette,US,2022-01-29 00:32:21,46.5333,-87.6335,11.64,65,97,4.07
495,Guiratinga,BR,2022-01-29 00:32:21,-16.3494,-53.7583,71.74,94,100,2.28
496,Bam,IR,2022-01-29 00:32:22,29.106,58.357,48.7,35,6,8.05
497,Puerto Madryn,AR,2022-01-29 00:32:22,-42.7692,-65.0385,82.51,38,20,7.38
498,Seymchan,RU,2022-01-29 00:32:23,62.8833,152.4333,-5.33,90,100,8.61
499,Rio Grande,BR,2022-01-29 00:32:23,-32.035,-52.0986,68.95,65,12,11.97
500,Harper,LR,2022-01-29 00:32:24,4.375,-7.7169,79.41,81,96,6.55
501,Asau,RO,2022-01-29 00:32:24,46.4333,26.4,33.28,92,91,4.34
502,Bulgan,MN,2022-01-29 00:32:25,48.8125,103.5347,-6.07,93,100,3.4
503,Port-Cartier,CA,2022-01-29 00:32:25,50.0334,-66.8654,-5.58,94,9,8.28
504,Harnosand,SE,2022-01-29 00:33:26,62.6323,17.9379,32.0,73,100,17.58
505,Gigmoto,PH,2022-01-29 00:33:26,13.7796,124.39,80.4,84,98,5.48
506,Rio Das Pedras,BR,2022-01-29 00:33:26,-22.8433,-47.6061,73.38,96,100,7.09
507,Barkot,IN,2022-01-29 00:33:27,30.8167,78.2,41.83,58,0,5.39
508,Iwanai,JP,2022-01-29 00:33:27,42.9744,140.5089,23.61,74,100,14.7
509,Cabanas,CU,2022-01-29 00:33:28,22.9758,-82.9219,73.56,75,99,10.65
510,Middelburg,ZA,2022-01-29 00:33:28,-25.7751,29.4648,61.02,90,98,15.79
511,Ginda,IN,2022-01-29 00:33:28,30.6945,78.4932,38.84,36,0,7.45
512,Verkhoyansk,RU,2022-01-29 00:33:29,67.5447,133.385,-36.35,100,92,2.95
513,Altar,MX,2022-01-29 00:33:29,30.7,-111.8167,66.81,16,99,4.41
514,Puyang,CN,2022-01-29 00:33:29,29.4603,119.8861,35.49,99,100,3.2
515,Kamakwie,SL,2022-01-29 00:33:30,9.5,-12.2333,75.74,79,87,4.34
516,Utrecht,NL,2022-01-29 00:30:49,52.0,5.25,46.98,92,100,7.0
517,Salamanca,ES,2022-01-29 00:33:30,40.8333,-6.0,34.99,49,0,6.96
518,Nukus,UZ,2022-01-29 00:33:31,42.4531,59.6103,26.58,80,100,16.11
519,Sidhi,IN,2022-01-29 00:33:31,24.4167,81.8833,47.89,50,0,3.91
520,Arlit,NE,2022-01-29 00:33:31,18.7369,7.3853,60.62,16,0,7.07
521,Kaniama,CD,2022-01-29 00:33:32,-7.5667,24.1833,65.77,95,100,1.32
522,Naryan-Mar,RU,2022-01-29 00:32:10,67.6713,53.087,-1.66,96,100,10.11
523,Vila Velha,BR,2022-01-29 00:31:42,-20.3297,-40.2925,80.55,86,0,5.99
524,Tura,IN,2022-01-29 00:33:32,25.5198,90.2201,49.5,57,0,3.47
525,Matehuala,MX,2022-01-29 00:33:32,23.65,-100.65,54.97,74,100,10.33
526,Venado Tuerto,AR,2022-01-29 00:30:05,-33.7456,-61.9688,66.76,41,0,8.28
527,Scarborough,GB,2022-01-29 00:31:35,54.2797,-0.4044,52.52,87,30,7.0
528,Yuli,NG,2022-01-29 00:33:33,9.6989,10.2744,68.32,30,100,10.42
529,Vostok,RU,2022-01-29 00:33:33,46.4856,135.8833,-5.4,87,100,7.23
530,Kautokeino,NO,2022-01-29 00:33:34,69.0125,23.0412,-9.04,100,10,4.03
531,Nara,JP,2022-01-29 00:33:35,34.6851,135.8049,43.88,63,100,4.65
532,Ambon,ID,2022-01-29 00:33:35,-3.6954,128.1814,87.94,66,20,5.75
533,El Alto,PE,2022-01-29 00:33:35,-4.2714,-81.2147,70.34,84,100,2.8
534,Senno,RU,2022-01-29 00:33:36,59.5336,33.9167,11.39,98,95,2.19
535,Zadar,HR,2022-01-29 00:33:36,44.1197,15.2422,42.66,56,0,6.91
536,Alice Springs,AU,2022-01-29 00:31:01,-23.7,133.8833,76.55,94,100,10.36
537,Krasnoselkup,RU,2022-01-29 00:30:28,65.7,82.4667,3.27,96,99,11.32
538,Skala,PL,2022-01-29 00:33:37,50.2305,19.8536,31.06,84,75,12.66
539,Soke,ML,2022-01-29 00:33:37,13.598,-5.9386,76.14,15,28,9.78
540,Salmas,IR,2022-01-29 00:33:37,38.1973,44.7653,18.59,74,0,6.38
541,Dubbo,AU,2022-01-29 00:30:32,-32.25,148.6167,82.53,54,75,12.66
542,Lakes Entrance,AU,2022-01-29 00:33:38,-37.8811,147.981,68.58,95,100,6.96
543,Praya,CV,2022-01-29 00:32:02,14.9215,-23.5087,70.34,64,40,14.97
544,Aktau,KZ,2022-01-29 00:33:38,43.65,51.2,25.38,65,100,12.26
545,Queanbeyan,AU,2022-01-29 00:31:45,-35.35,149.2333,81.36,77,40,5.75
546,Teknaf,BD,2022-01-29 00:33:39,20.8624,92.3058,57.15,65,5,10.69
547,Tulun,RU,2022-01-29 00:33:39,54.5611,100.5792,-23.73,100,98,2.89
548,Praia Da Vitoria,PT,2022-01-29 00:33:39,38.7333,-27.0667,57.45,82,20,11.56
549,Usevya,TZ,2022-01-29 00:33:40,-7.1,31.2333,65.34,93,100,2.73
550,Marsaxlokk,MT,2022-01-29 00:34:40,35.8419,14.5431,57.07,67,75,17.27
551,Salihorsk,BY,2022-01-29 00:34:40,52.7876,27.5415,28.69,88,100,19.91
552,Chapar,IN,2022-01-29 00:34:41,26.2667,90.4667,52.02,59,0,1.7
553,Cassia,BR,2022-01-29 00:34:41,-20.5831,-46.9219,68.0,93,100,1.99
554,Palaikastron,GR,2022-01-29 00:34:41,35.2,26.25,43.75,61,91,6.89
555,Kristinehamn,SE,2022-01-29 00:34:42,59.3098,14.1081,34.5,97,100,19.08
556,Prince George,CA,2022-01-29 00:30:37,53.9166,-122.753,31.24,93,100,4.61
557,Yining,CN,2022-01-29 00:34:42,29.0361,114.5636,35.31,100,100,2.17
558,Locri,IT,2022-01-29 00:34:43,38.2414,16.2623,55.56,84,5,7.16
559,Verkhnevilyuysk,RU,2022-01-29 00:34:43,63.4453,120.3167,-16.13,98,86,7.0
560,Lahat,ID,2022-01-29 00:34:43,-3.8,103.5333,75.07,92,99,1.34
561,Wasilla,US,2022-01-29 00:34:44,61.5814,-149.4394,30.18,62,0,19.57
562,Urucara,BR,2022-01-29 00:34:44,-2.5364,-57.76,74.23,96,100,0.76
563,Oussouye,SN,2022-01-29 00:34:44,12.485,-16.5469,73.58,69,48,6.96
564,Hazleton,US,2022-01-29 00:34:44,40.9584,-75.9746,27.52,86,100,6.91
565,Inhambane,MZ,2022-01-29 00:34:45,-23.865,35.3833,75.24,83,77,4.74
566,Aureliana,PH,2022-01-29 00:34:45,10.8885,121.978,83.14,68,46,0.76
567,Yanliang,CN,2022-01-29 00:34:45,34.6592,109.2292,27.59,70,42,2.01
568,Manbij,SY,2022-01-29 00:34:46,36.5281,37.9549,34.57,96,100,10.33
569,Broken Hill,AU,2022-01-29 00:31:29,-31.95,141.4333,73.11,73,100,17.27
570,Odda,NO,2022-01-29 00:34:46,60.0691,6.5457,39.51,98,100,11.63
571,Kununurra,AU,2022-01-29 00:34:32,-15.7667,128.7333,84.18,79,100,8.05
572,Kjollefjord,NO,2022-01-29 00:34:47,70.9457,27.3465,21.65,67,100,4.56
